index,x,y,z,v_0,v_1,v_2,v_3,v_4,v_5,v_6,v_7,v_8,v_9,v_10,v_11,v_12,v_13,v_14,v_15,v_16,v_17,v_18,v_19,v_20,v_21,v_22,v_23,v_24,v_25,v_26,v_27,v_28,v_29,v_30,v_31,v_32,v_33,v_34,v_35,v_36,v_37,v_38,v_39,v_40,v_41,v_42,v_43,v_44,v_45,v_46,v_47,v_48,v_49,v_50,v_51,v_52,v_53,v_54,v_55,v_56,v_57,v_58,v_59,v_60,v_61,v_62,v_63,v_64,v_65,v_66,v_67,v_68,v_69,v_70,v_71,v_72,v_73,v_74,v_75,v_76,v_77,v_78,v_79,v_80,v_81,v_82,v_83,v_84,v_85,v_86,v_87,v_88,v_89,v_90,v_91,v_92,v_93,v_94,v_95,v_96,v_97,v_98,v_99,v_100,v_101,v_102,v_103,v_104,v_105,v_106,v_107,v_108,v_109,v_110,v_111,v_112,v_113,v_114,v_115,v_116,v_117,v_118,v_119,v_120,v_121,v_122,v_123,v_124,v_125,v_126,v_127,v_128,v_129,v_130,v_131,v_132,v_133,v_134,v_135,v_136,v_137,v_138,v_139,v_140,v_141,v_142,v_143,v_144,v_145,v_146,v_147,v_148,v_149,v_150,v_151,v_152,v_153,v_154,v_155,v_156,v_157,v_158,v_159,v_160,v_161,v_162,v_163,v_164,v_165,v_166,v_167,v_168,v_169,v_170,v_171,v_172,v_173,v_174,v_175,v_176,v_177,v_178,v_179,v_180,v_181,v_182,v_183,v_184,v_185,v_186,v_187,v_188,v_189,v_190,v_191,v_192,v_193,v_194,v_195,v_196,v_197,v_198,v_199,v_200,v_201,v_202,v_203,v_204,v_205,v_206,v_207
0,0.2,0.2,0.0,0.09683246346832561,0.03908488771602593,0.02139510217932762,0.014048476208556981,0.01064898810252838,0.009171517238074675,0.008822945008742415,0.009300952561655938,0.010826197678491346,0.014094957100409469,0.021292467975462342,0.03928854022859059,0.09807306321970864,0.09786819131665764,0.039222809367928727,0.021167594677177104,0.013868791605992442,0.010587504802240744,0.009180921922568308,0.008797689054453925,0.009283957286780806,0.010759598582704756,0.014082834385289594,0.02147934627191745,0.03941402754345352,0.09839746394936232,0.0968324634683256,0.09748646518809931,0.038917617635785814,0.02112004028450886,0.013896181757150537,0.010668621055669833,0.009226869171975995,0.008851995898641985,0.009262582554338067,0.010779268375888466,0.014188676364384157,0.021335489955917962,0.039027273463140194,0.03908488771602594,0.09786819131665776,0.09767362673132084,0.039244458730715984,0.021167229725501814,0.01392855247205383,0.0106687896159482,0.009238256410739047,0.008768614101778073,0.009223218586652178,0.01080612875914099,0.014057787696971233,0.021251292968974815,0.02139510217932756,0.039222809367928727,0.09748646518809942,0.09828957849063194,0.039041886854948464,0.02108824801302281,0.013925013389366941,0.010710556236519161,0.00917420192842133,0.008764364164374002,0.009286642278928756,0.010774215527608164,0.014127080386949764,0.014048476208556974,0.021167594677177153,0.038917617635785856,0.0976736267313209,0.09702989202091047,0.03885512034632725,0.02114773852450239,0.014029137616829784,0.010653994176225054,0.009169329176505859,0.008797109269715421,0.009216972830078166,0.010750296268295295,0.010648988102528428,0.013868791605992505,0.021120040284508916,0.03924445873071604,0.09828957849063207,0.09765665632393357,0.039119306963864356,0.02130851077162693,0.013951517666406517,0.010648506263858097,0.009192937305140675,0.008730059789492432,0.009181221364183312,0.009171517238074661,0.010587504802240723,0.013896181757150544,0.02116722972550178,0.03904188685494844,0.09702989202091056,0.09799738097477972,0.03923768793315112,0.021210788765258184,0.014004655547799377,0.010735408830478693,0.00921347870510036,0.008781252301312915,0.008822945008742401,0.00918092192256835,0.010668621055669875,0.013928552472053823,0.021088248013022837,0.038855120346327265,0.09765665632393383,0.09722413016006465,0.03911065118570206,0.021342221807456103,0.014129810877319517,0.010816371640345351,0.009315091474448263,0.009300952561655931,0.008797689054453883,0.009226869171976002,0.010668789615948207,0.013925013389366914,0.021147738524502496,0.03911930696386451,0.09799738097477967,0.09821020229471394,0.03932503605602011,0.02133958572831403,0.014158406680290558,0.010855623317802383,0.0108261976784913,0.00928395728678083,0.008851995898641996,0.009238256410739054,0.010710556236519092,0.014029137616829834,0.02130851077162718,0.039237687933151105,0.0972241301600647,0.097287836948563,0.03882196914249242,0.021327839131599566,0.014162029626748826,0.0140949571004092,0.010759598582704866,0.009262582554338095,0.00876861410177826,0.009174201928421277,0.01065399417622509,0.01395151766640701,0.02121078876525806,0.03911065118570206,0.09821020229471389,0.09729774070566233,0.03929678498100764,0.02136177182440685,0.021292467975462276,0.014082834385289622,0.01077926837588844,0.009223218586652177,0.008764364164374011,0.009169329176505842,0.010648506263857965,0.014004655547799394,0.021342221807456083,0.039325036056020134,0.09728783694856294,0.09816763068476833,0.0391028284464669,0.03928854022859085,0.02147934627191722,0.01418867636438409,0.010806128759141054,0.009286642278928836,0.00879710926971522,0.00919293730514037,0.010735408830478799,0.014129810877319404,0.021339585728314098,0.0388219691424925,0.09729774070566234,0.0970849620443548,0.09807306321970885,0.039414027543453495,0.021335489955917997,0.014057787696971247,0.010774215527608183,0.009216972830078135,0.008730059789492317,0.009213478705100364,0.010816371640345351,0.014158406680290586,0.02132783913159962,0.03929678498100782,0.09816763068476825,0.09839746394936227,0.039027273463140194,0.02125129296897485,0.014127080386949806,0.010750296268295254,0.009181221364183256,0.008781252301312908,0.009315091474448277,0.010855623317802411,0.01416202962674884,0.0213617718244068,0.039102828446466856,0.09708496204435482
1,0.15000000000000002,0.2,0.0,0.09683245436047219,0.03907907884347109,0.021386821016853103,0.01405173024972134,0.010664892448339736,0.009180991049677886,0.008821310664182125,0.009294700628579226,0.010819756551216,0.01409008244851329,0.02128947625035854,0.039287408844311957,0.09807366232031865,0.09786799411389982,0.03921806304194303,0.021170519646211028,0.013885311515193052,0.01059960881807466,0.009180453614779496,0.008790100853173551,0.009274606515475209,0.01075122846067627,0.014076325843691506,0.021474992856936336,0.039411998613809854,0.0983978971098545,0.09683245436047211,0.09748572479784554,0.03891944247774977,0.021138466355091534,0.013915532374133233,0.010673921544542164,0.009220588413224824,0.008840564134604113,0.0092502647531543,0.010767950684674408,0.014179212583663961,0.02132854267645527,0.03902342082873465,0.0390790788434711,0.09786799411389989,0.09766279540217357,0.03925892053209913,0.021200156668040655,0.013951291353001029,0.010674198295136012,0.009232276709772124,0.008757187662482764,0.009209855327477765,0.010792655045246992,0.01404560326664861,0.02124149447123037,0.021386821016853026,0.03921806304194302,0.09748572479784548,0.09827228154010628,0.039084178443800605,0.021141601578263725,0.013959998666431554,0.010727093255616882,0.009178229485316953,0.008761113058291537,0.009279222791827798,0.010764835724345972,0.014117282480026472,0.014051730249721346,0.021170519646211063,0.03891944247774981,0.09766279540217357,0.0970425482986382,0.03892208226165044,0.021212276645444627,0.014076942013133607,0.010686013270375893,0.009190273926445435,0.008810522393977224,0.00922528052578442,0.010755276203292384,0.010664892448339798,0.013885311515193129,0.02113846635509163,0.039258920532099215,0.09827228154010635,0.09767357203033969,0.0391587172514531,0.02134834220108435,0.013985225316772622,0.010676177514924154,0.009215860865000761,0.008749349359696852,0.009198180511801587,0.009180991049677865,0.010599608818074674,0.01391553237413324,0.02120015666804062,0.03908417844380055,0.0970425482986382,0.09798383075365173,0.039238343430485635,0.02121748062059635,0.014013431168551374,0.010744662883010335,0.009222507539293056,0.008790152713428794,0.008821310664182111,0.009180453614779517,0.010673921544542178,0.013951291353001063,0.021141601578263725,0.03892208226165052,0.09767357203033991,0.09720490378246491,0.039100756727126755,0.02133726948099107,0.014127255431892955,0.010814715350368709,0.009313521735495621,0.009294700628579178,0.008790100853173582,0.009220588413224817,0.010674198295136036,0.013959998666431536,0.021212276645444672,0.03915871725145326,0.09798383075365166,0.09819950904833463,0.03931840510601209,0.021334872436099148,0.014154169970192414,0.010850767460260417,0.010819756551215975,0.009274606515475264,0.0088405641346041,0.009232276709772225,0.010727093255616826,0.01407694201313367,0.02134834220108453,0.03923834343048563,0.09720490378246485,0.0972833938585426,0.03881871934038165,0.021324602858957056,0.014157731348943742,0.014090082448513008,0.010751228460676443,0.009250264753154436,0.00875718766248279,0.009178229485316769,0.010686013270376105,0.013985225316773042,0.021217480620596307,0.03910075672712676,0.09819950904833424,0.09729636683089399,0.03929526427392177,0.021359158031837522,0.02128947625035854,0.014076325843691506,0.010767950684674343,0.009209855327477756,0.008761113058291553,0.009190273926445391,0.010676177514924057,0.014013431168551388,0.021337269480991086,0.0393184051060121,0.09728339385854262,0.09816754085582768,0.03910186795290421,0.039287408844312144,0.021474992856936215,0.014179212583663892,0.010792655045246846,0.009279222791827857,0.008810522393977227,0.009215860865000425,0.010744662883010458,0.014127255431892916,0.021334872436099245,0.03881871934038164,0.09729636683089407,0.09708542733766107,0.0980736623203188,0.03941199861380976,0.02132854267645526,0.01404560326664861,0.010764835724345945,0.009225280525784418,0.008749349359696762,0.009222507539293115,0.010814715350368653,0.014154169970192448,0.02132460285895714,0.03929526427392167,0.09816754085582759,0.09839789710985444,0.03902342082873461,0.021241494471230374,0.014117282480026541,0.010755276203292335,0.009198180511801532,0.008790152713428825,0.009313521735495607,0.010850767460260431,0.014157731348943783,0.021359158031837557,0.039101867952904205,0.09708542733766093
2,0.10000000000000002,0.2,0.0,0.09686366008674469,0.039079945914859804,0.021350829253165074,0.014003774438805017,0.010626597272619748,0.009151068203899736,0.008797542510421565,0.00927878689257787,0.010812729270142863,0.014091906048637944,0.021299349298570976,0.03930501594179403,0.09809863268744337,0.09789763780902902,0.039205375135136486,0.02113125112969258,0.013844420128664034,0.010561072581498188,0.009144853201569901,0.008761073211151767,0.00925435094187747,0.0107405605369839,0.014074784221970919,0.021482638840624478,0.039429286923500624,0.0984264048127312,0.09686366008674466,0.0975155234320754,0.038907976497661395,0.021108313709963432,0.013876156589118373,0.010629519704958665,0.00917767028010753,0.008803429504253002,0.00922130192781188,0.010747466377473158,0.014167808526720428,0.021327780443221974,0.03903639136889923,0.03907994591485981,0.09789763780902902,0.0977004085066005,0.039262061758335146,0.021180967922952397,0.013915348675912612,0.01062947689527649,0.009185247741916048,0.008712214116202748,0.009168543956618452,0.010756204713376807,0.014016509082319616,0.02122363321007096,0.021350829253165025,0.03920537513513655,0.09751552343207537,0.09830778456395839,0.03910006091154472,0.02113812289513152,0.013939415889192081,0.010694361556465106,0.009137993440077095,0.008716101352946096,0.009231049127133097,0.010716118835151035,0.014071122043477668,0.014003774438805017,0.02113125112969256,0.03890797649766144,0.09770040850660043,0.09707094246680731,0.03894855802596499,0.02122760398481175,0.01407834747565165,0.010674377574208433,0.009167673566471803,0.008778330396122691,0.009185305748181345,0.010708947687470317,0.010626597272619796,0.013844420128664096,0.021108313709963508,0.03926206175833523,0.09830778456395853,0.09769985745340498,0.03918634962938466,0.021368828477876373,0.013995090999086038,0.010675444636670058,0.009204907731003775,0.008728768153559097,0.009167959192968748,0.009151068203899715,0.010561072581498201,0.01387615658911838,0.021180967922952376,0.03910006091154469,0.09707094246680731,0.09800850113290283,0.03926007177337178,0.02123220365041332,0.01402021977653914,0.010743175380374741,0.009212433154954389,0.008770476711067676,0.00879754251042153,0.009144853201569922,0.010629519704958693,0.013915348675912598,0.021138122895131506,0.03894855802596503,0.09769985745340506,0.09722412515878073,0.03911498654713247,0.021345833892483027,0.01412965099296789,0.010810164517392137,0.00930040872072499,0.009278786892577814,0.00876107321115177,0.009177670280107561,0.010629476895276505,0.01393941588919205,0.021227603984811785,0.039186349629384803,0.0980085011329028,0.09821366980668828,0.03932889627604247,0.02134120100599819,0.014155318999199189,0.010844860436032437,0.010812729270142804,0.009254350941877487,0.008803429504253002,0.009185247741916064,0.010694361556465137,0.014078347475651731,0.021368828477876578,0.03926007177337171,0.09722412515878082,0.09729639152232977,0.03882941849425308,0.021331829267076968,0.01415954403749664,0.014091906048637859,0.010740560536984023,0.009221301927811898,0.008712214116202821,0.009137993440077097,0.010674377574208527,0.013995090999086524,0.02123220365041323,0.03911498654713241,0.09821366980668822,0.09731099325531861,0.03930807344620674,0.021368282714753606,0.02129934929857108,0.014074784221970893,0.010747466377473147,0.009168543956618425,0.00871610135294612,0.009167673566471773,0.010675444636669917,0.014020219776539194,0.021345833892483013,0.039328896276042496,0.09729639152232976,0.09818510225153237,0.039117416022316054,0.03930501594179414,0.021482638840624346,0.014167808526720338,0.010756204713376794,0.009231049127133184,0.008778330396122525,0.009204907731003575,0.010743175380374781,0.014129650992967868,0.02134120100599826,0.038829418494253115,0.09731099325531864,0.097106860926922,0.09809863268744348,0.03942928692350062,0.02132778044322195,0.014016509082319634,0.010716118835151056,0.009185305748181327,0.008728768153558969,0.00921243315495443,0.010810164517392126,0.014155318999199251,0.021331829267076996,0.03930807344620685,0.0981851022515323,0.09842640481273118,0.03903639136889925,0.02122363321007087,0.014071122043477699,0.010708947687470313,0.009167959192968672,0.008770476711067732,0.009300408720724962,0.010844860436032458,0.014159544037496655,0.021368282714753557,0.03911741602231607,0.09710686092692183
3,0.05000000000000002,0.2,0.0,0.09686104238191853,0.03906511166181763,0.02133814077242975,0.014012479770043884,0.010648535996671232,0.009167874487282388,0.008803383769643472,0.009276291531731484,0.010805620584412947,0.01408314198757055,0.021290989486080318,0.039298687338275726,0.09809581703983444,0.09788947733345671,0.03919193896992278,0.021138866598779213,0.013870388142053491,0.010583232608896938,0.009153533733123977,0.00875806731634337,0.00924402494578869,0.010726715022190147,0.014060193339136686,0.021469591074381934,0.039420291425772316,0.09842384407282183,0.0968610423819184,0.09749624690227095,0.03891380515155285,0.02114442734635482,0.013913623481843045,0.010651106823346048,0.009182469464662831,0.008796107787135285,0.009206443580534998,0.010728638774592134,0.014147838772860629,0.02130998699910769,0.03902425611186581,0.039065111661817566,0.09788947733345667,0.09768745401184611,0.039301910481770355,0.021239291526451244,0.013962645167047524,0.01065734970542228,0.009196290711622035,0.008710516269532568,0.009157967193812039,0.010739562586765517,0.013996906541679784,0.021204246250204725,0.021338140772429688,0.03919193896992278,0.0974962469022709,0.09831332251199887,0.039151424677384236,0.021198913142389725,0.013989895113277244,0.010730646122297469,0.009160794769750156,0.00872795760183634,0.00923386104670702,0.010711660874443413,0.01406116605629688,0.014012479770043898,0.021138866598779255,0.03891380515155288,0.09768745401184625,0.09706081033110754,0.03897504942997746,0.021266458382741778,0.01411761138166682,0.010709056457527757,0.0091967577087341,0.00880169986890749,0.009202886089031389,0.010721324737149276,0.01064853599667126,0.013870388142053575,0.02114442734635491,0.0393019104817704,0.09831332251199898,0.09767203079005027,0.03918583579530169,0.021382995282798103,0.014016162215191622,0.010699272020000872,0.009229315209456647,0.008752144892298221,0.009190046869109417,0.009167874487282339,0.01058323260889693,0.013913623481843058,0.02123929152645125,0.03915142467738422,0.09706081033110758,0.09798095454517648,0.03925054353566751,0.021234513067338895,0.014029617663799659,0.010756635954265792,0.009227596096057455,0.008786255539633837,0.008803383769643444,0.009153533733124011,0.010651106823346065,0.01396264516704751,0.021198913142389753,0.03897504942997748,0.09767203079005049,0.09720575305843769,0.03910747767185336,0.021345451232186285,0.014133593644890871,0.010816031389360905,0.009306536238155486,0.009276291531731443,0.008758067316343376,0.009182469464662849,0.010657349705422287,0.013989895113277237,0.021266458382741826,0.03918583579530183,0.09798095454517639,0.09820460893398728,0.039325100463563564,0.021340541568004693,0.014155735984211222,0.01084447727898731,0.010805620584412853,0.009244024945788742,0.008796107787135327,0.009196290711622063,0.010730646122297405,0.014117611381666922,0.02138299528279833,0.03925054353566748,0.0972057530584376,0.09729231092266358,0.03882721166322919,0.021329850049807794,0.014155914663125546,0.014083141987570491,0.010726715022190136,0.00920644358053524,0.008710516269532564,0.00916079476975018,0.010709056457527899,0.01401616221519203,0.02123451306733881,0.03910747767185341,0.09820460893398708,0.09730871613106978,0.03930552050956404,0.021363704146727613,0.02129098948608041,0.014060193339136579,0.010728638774592153,0.009157967193812011,0.00872795760183634,0.009196757708734057,0.01069927202000076,0.014029617663799704,0.02134545123218627,0.03932510046356359,0.09729231092266355,0.09818295928827184,0.039113358895837086,0.03929868733827602,0.02146959107438179,0.014147838772860577,0.010739562586765505,0.009233861046706981,0.008801699868907442,0.009229315209456357,0.010756635954265792,0.014133593644890863,0.021340541568004773,0.038827211663229305,0.09730871613106988,0.09710432785041179,0.09809581703983442,0.03942029142577225,0.02130998699910766,0.013996906541679788,0.01071166087444339,0.009202886089031387,0.0087521448922981,0.009227596096057486,0.010816031389360936,0.014155735984211243,0.021329850049807822,0.039305520509564124,0.09818295928827175,0.0984238440728217,0.0390242561118658,0.021204246250204742,0.01406116605629694,0.010721324737149235,0.009190046869109347,0.00878625553963383,0.009306536238155472,0.010844477278987345,0.014155914663125588,0.021363704146727613,0.03911335889583709,0.09710432785041191
4,1.3877787807814457e-17,0.2,0.0,0.09687719229226341,0.03903479706449674,0.02128213546528833,0.013972614052481347,0.01063301995513155,0.009162090153110883,0.008798135650653918,0.00927032196889082,0.010800561970032874,0.014081113452298065,0.021293918049760094,0.03930889721790505,0.09811573339405524,0.09789017949108475,0.03914931398114188,0.02109433089853592,0.013845833424130455,0.010570118400334935,0.009142302569251907,0.00874605209687928,0.00923212309225149,0.010716890849762038,0.014054383550495302,0.021470335856592724,0.039430924066019016,0.09844867675153407,0.09687719229226335,0.09749822549234093,0.03888754260436038,0.02112387859766815,0.013901132711410205,0.010638993535839605,0.009167017605584651,0.008777401237328364,0.009185990607774872,0.010707944600283653,0.014128842104454392,0.021296162678661468,0.03902102310079725,0.03903479706449667,0.09789017949108486,0.09769745111786761,0.039301857647209504,0.021242934750091653,0.0139650983690797,0.010653195568584236,0.009184096359026348,0.008690558633732583,0.009130781280032951,0.010705503288659846,0.013957833575826428,0.02116386063744814,0.021282135465288315,0.03914931398114185,0.09749822549234094,0.09832206452652566,0.0391699379128845,0.021223100103930394,0.014010436125561677,0.010742811191234967,0.009162413014666675,0.008718220149251235,0.00921148864870587,0.01067589267769152,0.014011848569019904,0.01397261405248132,0.02109433089853595,0.03888754260436039,0.09769745111786775,0.09706674288119835,0.03899910049549116,0.02129744517612707,0.014147456877164755,0.010732837838312383,0.009212107002867473,0.008806348447672491,0.009194274643181923,0.01069671373866506,0.010633019955131578,0.013845833424130538,0.021123878597668212,0.03930185764720956,0.09832206452652574,0.09767514432080111,0.039202142198629074,0.021405393620452327,0.014039327865593695,0.010720067927166933,0.009245228241827871,0.008760282483301796,0.009187335813858284,0.00916209015311089,0.010570118400334942,0.013901132711410219,0.02124293475009162,0.039169937912884506,0.0970667428811984,0.0979800377201018,0.03925723763971696,0.02124530905372897,0.014041823501838493,0.010768080161184716,0.009235829345395574,0.008788682347943635,0.008798135650653918,0.009142302569251921,0.010638993535839594,0.01396509836907972,0.021223100103930415,0.038999100495491185,0.09767514432080132,0.09720252350342506,0.03910832532358001,0.021348724046986674,0.014137747584185456,0.010819244091876144,0.009306701874127181,0.009270321968890757,0.008746052096879314,0.009167017605584665,0.010653195568584281,0.014010436125561618,0.021297445176127167,0.039202142198629164,0.09798003772010178,0.09820132035044708,0.039323974422586394,0.021340651001635284,0.014155798961778869,0.010842740348412074,0.010800561970032846,0.00923212309225152,0.00877740123732837,0.009184096359026311,0.010742811191234991,0.014147456877164816,0.021405393620452517,0.03925723763971692,0.09720252350342506,0.0972902430798164,0.03882647058038743,0.021329557056640802,0.014154565261121674,0.01408111345229801,0.010716890849762128,0.009185990607774919,0.008690558633732637,0.009162413014666693,0.010732837838312415,0.014039327865594031,0.021245309053728956,0.039108325323580106,0.09820132035044699,0.09730913523123433,0.03930694946595287,0.021364876435917612,0.02129391804976019,0.014054383550495236,0.010707944600283681,0.009130781280032946,0.008718220149251249,0.009212107002867426,0.010720067927166801,0.014041823501838524,0.021348724046986664,0.039323974422586394,0.0972902430798164,0.09818749137420804,0.03911873834634658,0.039308897217905314,0.02147033585659258,0.01412884210445442,0.010705503288659768,0.009211488648705912,0.008806348447672419,0.009245228241827552,0.010768080161184801,0.014137747584185345,0.021340651001635347,0.038826470580387545,0.0973091352312343,0.09711567837836693,0.0981157333940555,0.039430924066018974,0.021296162678661495,0.013957833575826445,0.010675892677691506,0.009194274643181899,0.00876028248330167,0.009235829345395588,0.010819244091876137,0.01415579896177889,0.021329557056640885,0.03930694946595298,0.09818749137420775,0.09844867675153401,0.0390210231007973,0.0211638606374481,0.014011848569019908,0.010696713738665042,0.009187335813858222,0.008788682347943638,0.009306701874127209,0.010842740348412094,0.014154565261121674,0.02136487643591769,0.039118738346346583,0.0971156783783669
5,1.3877787807814457e-17,0.25,0.0,0.09686549262901165,0.03902635430174975,0.021276559017350996,0.013977115746969762,0.010649753902733712,0.009184643992840073,0.008819850012317727,0.009287475285539117,0.010812137347739347,0.014086737307608996,0.02129366850074092,0.03930256376884154,0.09810342477225514,0.09788733823941695,0.03913828842653411,0.021084136335205936,0.013849058096187375,0.01058503649250496,0.009161756607116281,0.0087644130706973,0.00924682223975086,0.010726496865978666,0.014058309858300085,0.02146789378490721,0.039421805024620934,0.09843344022186054,0.09686549262901162,0.09749204881913648,0.038863435561578286,0.02110704545247688,0.01389960209124335,0.010647924727771391,0.009179913361611808,0.008790245153376933,0.009196263872395583,0.010714242956396954,0.01412993870088509,0.02129125396336423,0.03901049403116979,0.039026354301749666,0.09788733823941696,0.0976752430150375,0.039274209414697725,0.021227229345632037,0.01396185277266998,0.010657630428840884,0.009192097321010034,0.008699218931219157,0.009138157555670214,0.010709920790714613,0.013957721377598865,0.021158397737560956,0.02127655901735097,0.0391382884265341,0.0974920488191365,0.09830394426531373,0.039155910809669556,0.021217455779810004,0.014012007081750395,0.010749259302649123,0.009171647095884104,0.008728572662981653,0.009221351052451674,0.01068307607669839,0.014013782787154382,0.013977115746969748,0.021084136335205998,0.03886343556157834,0.09767524301503755,0.09706044226572196,0.03899571283269522,0.021298882890793226,0.014153641217238576,0.010743061260535775,0.009225554966751839,0.008822103200721928,0.00921036048796046,0.010709957060761093,0.01064975390273376,0.013849058096187458,0.021107045452476964,0.03927420941469778,0.09830394426531391,0.09766706908189027,0.039197935318320755,0.021406125181285488,0.014045202992477985,0.01073092755516163,0.009260937533571049,0.008779789045314297,0.009208452894066507,0.009184643992840053,0.010585036492504966,0.013899602091243357,0.021227229345632037,0.039155910809669514,0.097060442265722,0.09796923257499637,0.03925104257094893,0.0212444459462425,0.01404653870635867,0.01077880395906932,0.009252473313506343,0.008810426321427808,0.0088198500123177,0.009161756607116323,0.010647924727771402,0.013961852772669994,0.021217455779809977,0.03899571283269526,0.0976670690818904,0.09719169416641403,0.03910197086616439,0.021347382908570953,0.014142194976921233,0.01083009749847557,0.009324200540437963,0.009287475285539026,0.008764413070697322,0.00917991336161185,0.010657630428840895,0.014012007081750405,0.02129888289079329,0.039197935318320914,0.09796923257499637,0.0981918416585862,0.03931830044587155,0.021339723457499942,0.01416064416592755,0.01085423018556464,0.010812137347739267,0.00924682223975093,0.008790245153376952,0.009192097321009979,0.010749259302649167,0.01415364121723861,0.02140612518128568,0.03925104257094883,0.0971916941664141,0.09728190738580171,0.03882158345832902,0.021329346232377283,0.014160231839611667,0.014086737307608843,0.010726496865978763,0.009196263872395638,0.008699218931219332,0.009171647095883917,0.010743061260535924,0.014045202992478412,0.02124444594624242,0.03910197086616446,0.09819184165858608,0.09730150863789466,0.039302608939713324,0.02136514527110661,0.021293668500740937,0.014058309858300061,0.010714242956396974,0.009138157555670184,0.00872857266298166,0.009225554966751759,0.010730927555161529,0.014046538706358691,0.02134738290857094,0.039318300445871576,0.09728190738580171,0.09817979937042381,0.039114135006889705,0.03930256376884167,0.0214678937849071,0.014129938700885136,0.010709920790714533,0.009221351052451754,0.008822103200721798,0.009260937533570768,0.010778803959069438,0.014142194976921207,0.02133972345750007,0.038821583458329006,0.09730150863789454,0.0971064065998723,0.0981034247722552,0.03942180502462092,0.02129125396336426,0.013957721377598875,0.010683076076698383,0.009210360487960423,0.008779789045314165,0.009252473313506385,0.010830097498475577,0.014160644165927577,0.021329346232377352,0.03930260893971339,0.09817979937042383,0.09843344022186049,0.03901049403116977,0.02115839773756094,0.014013782787154414,0.010709957060761055,0.009208452894066438,0.008810426321427839,0.009324200540437963,0.01085423018556464,0.014160231839611723,0.0213651452711067,0.03911413500688968,0.09710640659987224
6,1.3877787807814457e-17,0.3,0.0,0.0968799938270298,0.039001388381910265,0.021218225512226338,0.013947960665442988,0.010657067845040863,0.009205094046810483,0.008839787452596407,0.009302779031354104,0.010822789005073528,0.01409330503716913,0.021296917989162063,0.039303040034597,0.09810198030284376,0.09787599078499498,0.03905676147664816,0.02101480109093086,0.013828227638159898,0.01059241037945817,0.009178556342358556,0.008781937449114492,0.009262523428977668,0.010739655249020715,0.014069130361977093,0.02147668322089599,0.039429109185118216,0.09844116469510852,0.09687999382702968,0.09743712114386072,0.038765397463361606,0.02104606753988833,0.013876318507224712,0.010645300541132642,0.0091860571261526,0.008799632056688877,0.009206364063604717,0.010724027985185253,0.014138910435026006,0.02129920890455799,0.03901870060445639,0.03900138838191024,0.09787599078499502,0.09764019983101854,0.039218041270962595,0.02118755281437279,0.013939558949073068,0.010645955656773107,0.009185755214455405,0.008694969597904459,0.009133653346835689,0.010702986669644003,0.013945973962721757,0.021139240870365048,0.021218225512226296,0.03905676147664815,0.09743712114386079,0.09831007141624913,0.03914569504074681,0.021208796170510413,0.014007391798252108,0.010747119017151438,0.0091700071195439,0.008725335127446209,0.009213700368434923,0.01066665778956263,0.013981113389407475,0.013947960665442953,0.021014801090930936,0.038765397463361634,0.09764019983101851,0.09706795000654081,0.03900120346723066,0.02130685458783383,0.014164123247052655,0.010755070378949232,0.009238063521446477,0.00883356021484313,0.009217369916391556,0.01070568842148878,0.010657067845040911,0.013828227638159982,0.021046067539888393,0.039218041270962706,0.09831007141624946,0.09766648222013047,0.039201499635977584,0.02141389420535338,0.014056618274569908,0.010745613485705734,0.009278653030498891,0.008799270596677866,0.00922658975240499,0.009205094046810441,0.01059241037945817,0.013876318507224691,0.021187552814372804,0.03914569504074679,0.09706795000654081,0.09796485347099422,0.03925059709528695,0.02124792717293765,0.014053978951991938,0.010790644828226512,0.00926892708097303,0.008831156748529953,0.008839787452596372,0.009178556342358583,0.010645300541132677,0.013939558949073047,0.02120879617051047,0.03900120346723071,0.09766648222013075,0.09718542389603066,0.03909865196225865,0.021347350187829593,0.014146172097179385,0.01083904720851524,0.009339237884746714,0.00930277903135407,0.008781937449114513,0.0091860571261526,0.010645955656773148,0.014007391798252083,0.02130685458783385,0.0392014996359778,0.09796485347099423,0.09818474346378488,0.03931343187520138,0.02133789109164289,0.014163113709058775,0.010862738823955477,0.010822789005073483,0.009262523428977737,0.008799632056688905,0.009185755214455416,0.010747119017151446,0.01416412324705274,0.02141389420535353,0.039250597095286915,0.0971854238960306,0.09727434091220477,0.03881607658495813,0.021327270574793458,0.014163578703406135,0.014093305037168935,0.01073965524902093,0.0092063640636047,0.008694969597904445,0.009170007119543855,0.010755070378949405,0.014056618274570387,0.021247927172937497,0.03909865196225887,0.09818474346378459,0.09729378509348213,0.039297404723501406,0.021364532380038825,0.021296917989162084,0.014069130361977072,0.010724027985185236,0.009133653346835635,0.008725335127446221,0.009238063521446488,0.010745613485705588,0.014053978951991966,0.0213473501878296,0.03931343187520139,0.09727434091220477,0.0981724040033927,0.039110498933022514,0.03930304003459728,0.021476683220895854,0.014138910435025964,0.010702986669643977,0.00921370036843494,0.008833560214843106,0.00927865303049863,0.010790644828226503,0.014146172097179333,0.02133789109164294,0.0388160765849582,0.0972937850934822,0.097100391008905,0.09810198030284395,0.039429109185118216,0.021299208904557942,0.013945973962721792,0.010666657789562634,0.009217369916391521,0.008799270596677733,0.009268927080973044,0.010839047208515251,0.014163113709058803,0.021327270574793486,0.03929740472350138,0.09817240400339258,0.0984411646951085,0.03901870060445631,0.02113924087036509,0.013981113389407468,0.010705688421488738,0.009226589752404923,0.008831156748529967,0.009339237884746693,0.010862738823955491,0.014163578703406239,0.021364532380038805,0.0391104989330225,0.09710039100890515
7,1.3877787807814457e-17,0.35,0.0,0.0968695942769372,0.03900116622175594,0.021220037432558486,0.013968271470936211,0.010684472987810771,0.00922734074593496,0.008854483476787467,0.009311093181201192,0.010826220194142689,0.014092660129335969,0.021292542213608358,0.039294657055183486,0.09808915995555717,0.09786573269200954,0.03903387192901095,0.02101634408975081,0.013852152031470014,0.010619977514950099,0.009201854124887533,0.008799443433374503,0.009274886777369002,0.010747373385885835,0.014072590842550182,0.02147558172816229,0.039422594328365375,0.09842768957618947,0.09686959427693713,0.09738349314464523,0.038727105505846904,0.02104743068951838,0.013896820766719588,0.010670279783901233,0.009209418840245821,0.008819932630186562,0.009223186871550115,0.010737548161908885,0.014148857852473443,0.021304481261372667,0.039017298431822334,0.03900116622175593,0.09786573269200957,0.09758770285617145,0.03919582232153998,0.021190608676777342,0.013954769916347413,0.01066506350846903,0.00920546119222297,0.008713859496236005,0.009151424672893442,0.010719299239165304,0.013959605518964028,0.021147946192206647,0.021220037432558424,0.03903387192901102,0.09738349314464513,0.09829935286665357,0.03914732703651291,0.021219984638676463,0.014023207028327843,0.010764962166865817,0.00918859724424271,0.008744357596819855,0.009232880415845392,0.010684646046287808,0.013994919407225224,0.013968271470936225,0.02101634408975083,0.03872710550584692,0.09758770285617153,0.09705969845571127,0.03900204795034461,0.021313810595054557,0.01417511350299944,0.010769062210737231,0.009254883635461845,0.008853472368247583,0.009240072972026567,0.010730085880504059,0.01068447298781082,0.013852152031470083,0.021047430689518427,0.039195822321540105,0.09829935286665369,0.0976539426267961,0.03919513027360372,0.021412434055792726,0.01405939948717638,0.010752452431945562,0.009290034043280306,0.008815822427838078,0.009249237064113396,0.009227340745934912,0.010619977514950106,0.013896820766719609,0.02119060867677733,0.03914732703651294,0.09705969845571125,0.09795097954436781,0.03924091710400675,0.02124219751090388,0.014052019172389758,0.010792878241823602,0.009276282038351995,0.00884531883994336,0.008854483476787467,0.009201854124887547,0.010670279783901254,0.013954769916347462,0.021219984638676484,0.039002047950344634,0.09765394262679644,0.09717275895258976,0.03908903392910098,0.021340636875897198,0.014142667609827707,0.010839660433490206,0.009345717621577022,0.009311093181201158,0.008799443433374535,0.009209418840245773,0.010665063508469047,0.014023207028327864,0.02131381059505455,0.039195130273603856,0.09795097954436774,0.09817413942924738,0.03930482313866511,0.02133147828784678,0.014159683189615482,0.010863855268872527,0.010826220194142602,0.009274886777369068,0.008819932630186544,0.009205461192222986,0.010764962166865816,0.014175113502999465,0.021412434055792906,0.03924091710400668,0.09717275895258987,0.09726504037767114,0.038808116328401226,0.02132130945519073,0.014160966541119188,0.014092660129335799,0.01074737338588605,0.009223186871550104,0.008713859496235932,0.009188597244242813,0.010769062210737201,0.014059399487176827,0.021242197510903782,0.039089033929101125,0.09817413942924735,0.09728488987304926,0.0392896230076068,0.02135899835105337,0.021292542213608462,0.014072590842550109,0.01073754816190886,0.009151424672893371,0.008744357596819907,0.009254883635461869,0.010752452431945447,0.014052019172389796,0.02134063687589717,0.03930482313866512,0.09726504037767117,0.09816295789216417,0.03910228688793155,0.03929465705518359,0.021475581728162163,0.014148857852473384,0.010719299239165203,0.009232880415845468,0.008853472368247628,0.009290034043279993,0.010792878241823733,0.014142667609827575,0.02133147828784679,0.03880811632840131,0.09728488987304929,0.09708929772837266,0.09808915995555725,0.03942259432836534,0.021304481261372632,0.013959605518964024,0.01068464604628791,0.00924007297202653,0.008815822427837933,0.009276282038352027,0.01083966043349019,0.014159683189615538,0.02132130945519073,0.039289623007606925,0.09816295789216418,0.09842768957618936,0.03901729843182236,0.021147946192206585,0.013994919407225304,0.010730085880504031,0.009249237064113347,0.008845318839943384,0.009345717621577015,0.010863855268872576,0.014160966541119188,0.021358998351053333,0.03910228688793163,0.09708929772837267
8,1.3877787807814457e-17,0.39999999999999997,0.0,0.09690413887551086,0.038932140883744665,0.02109131506752754,0.013903779746890166,0.010680276266830102,0.009243664121200479,0.008873537747127978,0.009328098734176817,0.01084096308862223,0.014105733093049036,0.02130506460249176,0.03930802327212661,0.09810529861465095,0.09784448973687529,0.03887344260489929,0.020889579887905796,0.013805884427147308,0.010614563750540339,0.009210578999621098,0.008811696853973375,0.00928767232829451,0.010760082985453404,0.014085851066202306,0.021490810354787407,0.03944227357350941,0.09845748660114907,0.09690413887551073,0.09730729511665452,0.038539147216768474,0.020920249852845095,0.013831007916339733,0.010637412307647691,0.00919179328688724,0.008809393855452435,0.009216274329830392,0.010732699697708258,0.014145876176755483,0.02130489648698606,0.039026514666030326,0.03893214088374468,0.09784448973687539,0.09751258524688947,0.039037421150937265,0.021063514372685554,0.013863993719539225,0.010597424123685324,0.009150344726774043,0.008665130415447524,0.009103969878053664,0.010668755727861091,0.013902628595409226,0.0210813404642634,0.02109131506752747,0.03887344260489929,0.09730729511665451,0.0982790594598997,0.039080464578677684,0.021155053065493708,0.013967388069437002,0.01071551012311332,0.009142216580985334,0.00869672799889118,0.009178841244451511,0.010617888500703266,0.013904122839964672,0.01390377974689018,0.02088957988790576,0.03853914721676846,0.09751258524688952,0.09709218457832486,0.039011277394315556,0.02131527443869921,0.014173774188580466,0.010766208738794702,0.00925024003107993,0.008845437663626636,0.009225027529680206,0.010699539436066548,0.010680276266830158,0.013805884427147364,0.020920249852845185,0.039037421150937376,0.0982790594598998,0.09768284270832026,0.03921528465308988,0.02142883602321428,0.014074221861811067,0.010766979153073937,0.009304830190174683,0.008830128830851368,0.009259906537772089,0.009243664121200444,0.010614563750540346,0.013831007916339753,0.021063514372685554,0.039080464578677615,0.09709218457832483,0.0979676311007415,0.039255190995633404,0.021255795156472135,0.014066228706028309,0.010808751051859286,0.009294273688383658,0.008865097142970749,0.008873537747127944,0.009210578999621133,0.010637412307647698,0.013863993719539211,0.021155053065493715,0.03901127739431565,0.09768284270832048,0.09718254434852262,0.039098502173995506,0.02135083550619122,0.014154604196832139,0.010854148179579637,0.009363503490310607,0.009328098734176768,0.008811696853973414,0.009191793286887226,0.010597424123685348,0.013967388069436967,0.021315274438699253,0.03921528465309007,0.09796763110074153,0.09818069328244843,0.039311906035816205,0.02133996948267723,0.014170448899942824,0.010877982284953382,0.010840963088622146,0.009287672328294527,0.00880939385545243,0.009150344726774118,0.010715510123113281,0.01417377418858054,0.021428836023214437,0.03925519099563329,0.09718254434852266,0.09727029209113197,0.03881442664893081,0.021329530352348317,0.014172293859247398,0.014105733093048745,0.010760082985453556,0.00921627432983041,0.00866513041544753,0.009142216580985352,0.010766208738794913,0.014074221861811509,0.021255795156472024,0.03909850217399552,0.09818069328244844,0.09728993003233641,0.03929624617899585,0.02136845012945393,0.02130506460249182,0.014085851066202276,0.010732699697708292,0.00910396987805362,0.008696727998891235,0.009250240031079882,0.010766979153073827,0.014066228706028347,0.021350835506191157,0.03931190603581624,0.09727029209113203,0.09816889925980546,0.03911092381500236,0.039308023272126735,0.021490810354787337,0.014145876176755445,0.010668755727861023,0.009178841244451508,0.00884543766362661,0.009304830190174418,0.0108087510518593,0.014154604196832121,0.0213399694826773,0.038814426648930894,0.09728993003233645,0.0970982239806864,0.09810529861465114,0.03944227357350941,0.021304896486986108,0.013902628595409167,0.010617888500703332,0.009225027529680158,0.008830128830851283,0.009294273688383689,0.010854148179579609,0.014170448899942872,0.021329530352348344,0.03929624617899591,0.09816889925980533,0.09845748660114917,0.0390265146660303,0.02108134046426341,0.013904122839964672,0.010699539436066552,0.009259906537772047,0.008865097142970763,0.009363503490310579,0.010877982284953416,0.014172293859247433,0.021368450129453848,0.0391109238150023,0.09709822398068634
9,1.3877787807814457e-17,0.44999999999999996,0.0,0.09690924874249185,0.03894026741449631,0.02106645017197424,0.013933643330535275,0.010721128729237264,0.009271403721211074,0.00888881733374975,0.00933523310643291,0.010842845531483833,0.014103676672218408,0.021299448881762093,0.03929830732401888,0.09809039192912956,0.09784088632988522,0.03877860895282276,0.02088569676193147,0.013852520126763752,0.01065892771892512,0.009242782751992681,0.008833790386954782,0.009302702195928648,0.010769687634567543,0.014090902190283569,0.021491002622840677,0.039436172812909315,0.09844214849305463,0.0969092487424918,0.09709529522829768,0.03841374115873791,0.02092199548938293,0.013869043582423822,0.010677707971462315,0.009227020400743212,0.008839691340076021,0.009242445157152699,0.010755921567485869,0.01416666138466065,0.021322510592159786,0.03903916389570415,0.038940267414496285,0.09784088632988518,0.09732678811599488,0.038953115303387464,0.021042242350984043,0.01386701622107514,0.010608845115508792,0.009164874643713633,0.008680907967702448,0.009120621344208045,0.010686233536502294,0.013920151794943027,0.02109698002408657,0.021066450171974206,0.038778608952822716,0.09709529522829774,0.09828436699276426,0.039080123241463774,0.021158376349242128,0.013973524967366771,0.010723284518689388,0.009150901032972402,0.008705969314301565,0.009188098344986953,0.01062527111206257,0.013904203653713577,0.013933643330535248,0.020885696761931485,0.0384137411587379,0.09732678811599495,0.09709059595581605,0.03901262163783718,0.02132098736241146,0.014183052678972081,0.010778575464209636,0.009265940350489993,0.00886538192113617,0.009250042313294297,0.010730167448321979,0.010721128729237334,0.013852520126763808,0.02092199548938299,0.03895311530338756,0.09828436699276434,0.09766555582916825,0.03920578518327522,0.021424968408988696,0.014074877591603589,0.010771883899551127,0.009314811606923098,0.008846946070419918,0.009287067395063946,0.009271403721211047,0.01065892771892512,0.013869043582423801,0.021042242350984078,0.039080123241463705,0.0970905959558161,0.09795338499222477,0.03924538676933874,0.021249542811767705,0.014063105344225741,0.010809196549038828,0.009299757238417698,0.008878932218227796,0.008888817333749723,0.009242782751992695,0.010677707971462336,0.013867016221075154,0.021158376349242086,0.039012621637837294,0.09766555582916836,0.09717178501827514,0.0390900428493742,0.02134430210426188,0.014150175485269218,0.010852863609851316,0.009367879893094747,0.009335233106432875,0.008833790386954768,0.00922702040074326,0.010608845115508789,0.013973524967366702,0.021320987362411475,0.039205785183275416,0.09795338499222475,0.09817197594756243,0.03930427254116074,0.021333450848015113,0.014165757700622492,0.010876958271131519,0.010842845531483764,0.009302702195928686,0.008839691340076006,0.00916487464371371,0.010723284518689313,0.014183052678972158,0.021424968408988887,0.03924538676933875,0.09717178501827517,0.09726228234171325,0.038806878882914356,0.021322931620598423,0.014168002908887228,0.014103676672218235,0.010769687634567537,0.009242445157152668,0.0086809079677026,0.009150901032972336,0.010778575464209794,0.014074877591603918,0.021249542811767608,0.03909004284937434,0.09817197594756227,0.09728172280264391,0.039288313444675704,0.021361775034110297,0.021299448881762217,0.014090902190283527,0.010755921567485865,0.00912062134420799,0.00870596931430162,0.00926594035048997,0.010771883899550999,0.014063105344225765,0.021344302104261872,0.03930427254116079,0.09726228234171322,0.09815960523916958,0.03910196830319451,0.03929830732401901,0.021491002622840594,0.014166661384660661,0.010686233536502221,0.009188098344987183,0.008865381921136117,0.009314811606922824,0.010809196549038835,0.0141501754852692,0.021333450848015134,0.038806878882914425,0.09728172280264397,0.09708651643077343,0.0980903919291298,0.03943617281290934,0.021322510592159782,0.013920151794942992,0.010625271112062656,0.009250042313294238,0.008846946070419803,0.009299757238417736,0.01085286360985134,0.014165757700622533,0.02132293162059841,0.03928831344467577,0.09815960523916961,0.0984421484930546,0.039039163895704165,0.02109698002408654,0.01390420365371367,0.01073016744832192,0.00928706739506388,0.008878932218227803,0.009367879893094747,0.010876958271131526,0.014168002908887256,0.021361775034110318,0.03910196830319456,0.0970865164307734
10,-0.04999999999999999,0.44999999999999996,0.0,0.09691512312303419,0.038860158435256864,0.021046173892647346,0.01396056575790014,0.010732067552253262,0.00927198039907625,0.00888640117902989,0.009332571634019217,0.010840704740486925,0.014102378932402924,0.02129926170178665,0.039299812032255826,0.09809477115879942,0.0977536017297832,0.03872163651414823,0.02090212049453047,0.013858513867378554,0.01065475229829501,0.009235720393504954,0.00882680137595375,0.009296554259576508,0.010764716097614055,0.014087368164319233,0.021489675100260407,0.03943896314743782,0.09845352875912126,0.09691512312303412,0.09704413350996133,0.038428666649104326,0.02092550245041082,0.013858866454551214,0.010662201164320206,0.009210233232865291,0.00882270281896395,0.009225540629622752,0.010738825948770733,0.014149272004761989,0.02130599420367286,0.03902730373362797,0.03886015843525675,0.09775360172978322,0.09738365118794517,0.03899905567806233,0.021066709384728863,0.01387539445188507,0.010607158300977273,0.009156383731325823,0.008666748233953634,0.009100353269270892,0.010657778319475612,0.013880249929357713,0.02103952127058235,0.021046173892647263,0.0387216365141482,0.09704413350996136,0.0982941424103916,0.039125757128244225,0.02120541614572989,0.014014089005153184,0.010757622165895436,0.009179893013124845,0.00873077998958438,0.009208809073866116,0.010639885546628567,0.013907484470667468,0.013960565757900154,0.020902120494530517,0.03842866664910437,0.09738365118794527,0.0970888330087618,0.03902903252157934,0.02134245485047051,0.01420590463479691,0.010801854176566202,0.009290087400415037,0.008891189597090367,0.009277698459208037,0.010759413930880937,0.01073206755225329,0.01385851386737863,0.02092550245041091,0.03899905567806232,0.09829414241039164,0.09765943865138642,0.03920522260601071,0.02142736868510736,0.014079174903617533,0.010777756242548368,0.009322357427709718,0.00885623696594992,0.009298073787351882,0.009271980399076195,0.01065475229829501,0.013858866454551207,0.02106670938472882,0.03912575712824422,0.09708883300876184,0.09794703354362627,0.03924132751328112,0.021247087332164374,0.0140618291776348,0.010808931039637976,0.009300405922088643,0.008880239436406815,0.00888640117902989,0.009235720393504974,0.01066220116432022,0.013875394451885056,0.021205416145729877,0.039029032521579424,0.09765943865138665,0.0971670672007682,0.03908647173161835,0.021341542669400464,0.014148037842228876,0.010851225558012483,0.009366443951379609,0.00933257163401914,0.008826801375953777,0.009210233232865295,0.010607158300977276,0.014014089005153135,0.021342454850470566,0.03920522260601084,0.09794703354362622,0.09816876339470741,0.03930164673219709,0.021331262748643734,0.014163911932277319,0.010875204003191245,0.010840704740486845,0.009296554259576567,0.008822702818964023,0.009156383731325768,0.010757622165895375,0.014205904634797012,0.021427368685107556,0.039241327513280966,0.09716706720076829,0.09726007047096051,0.0388050282220708,0.021321385830905717,0.014166581311139695,0.014102378932402737,0.010764716097614091,0.009225540629622775,0.008666748233953636,0.009179893013124774,0.010801854176566372,0.014079174903617875,0.021247087332164294,0.03908647173161839,0.09816876339470726,0.09728029405540287,0.03928721930780882,0.021360922868963517,0.021299261701786726,0.014087368164319186,0.010738825948770653,0.009100353269270944,0.008730779989584422,0.009290087400414995,0.010777756242548286,0.014061829177634821,0.02134154266940047,0.03930164673219712,0.09726007047096057,0.09815902692550824,0.039101842431797595,0.039299812032256076,0.021489675100260286,0.014149272004761904,0.010657778319475564,0.009208809073866286,0.008891189597090232,0.009322357427709482,0.010808931039638148,0.014148037842228733,0.021331262748643887,0.03880502822207077,0.09728029405540281,0.09708743713395857,0.09809477115879961,0.039438963147437694,0.02130599420367285,0.013880249929357713,0.010639885546628675,0.00927769845920795,0.008856236965949851,0.009300405922088681,0.01085122555801249,0.014163911932277368,0.0213213858309058,0.03928721930780896,0.0981590269255082,0.09845352875912122,0.03902730373362795,0.021039521270582423,0.013907484470667475,0.010759413930880896,0.009298073787351813,0.008880239436406825,0.009366443951379623,0.010875204003191245,0.014166581311139737,0.021360922868963534,0.0391018424317976,0.09708743713395851
11,-0.09999999999999999,0.44999999999999996,0.0,0.09688755740070193,0.038780712520953345,0.021050966618141445,0.013977126874228085,0.010738524064288303,0.009273764640287965,0.008886734944351576,0.009332720566955735,0.010841164813128946,0.014103482593159883,0.02130142037846615,0.039303795747077756,0.09810197216934596,0.09768856835097472,0.03870224869468886,0.02090665172553055,0.013855040910219746,0.010646206866369662,0.009225686438660466,0.008816828475055986,0.00928699593150364,0.010755738646477395,0.014079021776946919,0.021482465842348596,0.039434794615480905,0.09845754101182082,0.09688755740070196,0.09703445784477635,0.038445503324373645,0.02092585295285951,0.013843764397237876,0.010639455517364206,0.009184152443965903,0.008794433014486737,0.009195125384788817,0.010705155133716377,0.014110797715931444,0.021262466352356867,0.03898144924451817,0.038780712520953275,0.09768856835097463,0.09746690893877114,0.039094107053318394,0.02112809286007674,0.013909940795753424,0.010624765029531823,0.009162912753383844,0.008664570734227868,0.009089823521923676,0.01063695314362282,0.013845304467944755,0.020983566631205833,0.021050966618141438,0.03870224869468892,0.09703445784477638,0.09834416378066628,0.03918499953085205,0.021257106074423313,0.014057467481996499,0.010795095244520854,0.009213130107584304,0.008761515292393222,0.009237921284554421,0.010666410115322694,0.013928029265556089,0.013977126874228064,0.020906651725530585,0.03844550332437369,0.09746690893877127,0.09706880292011996,0.03902425080877482,0.021344953191363487,0.014212334263909674,0.0108109068954471,0.009301507475839839,0.00890528056367329,0.009294532248175186,0.010778488316318665,0.010738524064288352,0.013855040910219794,0.020925852952859557,0.03909410705331848,0.09834416378066638,0.09764191096473643,0.03919553384025788,0.02142234396060482,0.01407733799482126,0.010778394536437048,0.009325357651328026,0.00886162740979503,0.009305599604948634,0.009273764640287945,0.010646206866369655,0.013843764397237897,0.021128092860076678,0.03918499953085203,0.09706880292011993,0.09793856330154897,0.0392361126792545,0.021244146146954676,0.014060625437813879,0.010809330779691425,0.009302394137200423,0.008883513262029786,0.008886734944351542,0.00922568643866048,0.010639455517364255,0.013909940795753417,0.021257106074423326,0.03902425080877489,0.09764191096473668,0.09716346095261272,0.03908437971648315,0.021340631926282275,0.014148232697351822,0.010852510981274235,0.009368511361867622,0.009332720566955666,0.008816828475056007,0.009184152443965934,0.01062476502953176,0.014057467481996516,0.021344953191363564,0.03919553384025798,0.09793856330154893,0.0981675687595921,0.03930130326418424,0.021331752191483838,0.014165238898906592,0.010877093562405488,0.010841164813128884,0.009286995931503672,0.008794433014486763,0.009162912753383823,0.01079509524452088,0.01421233426390972,0.021422343960604967,0.03923611267925439,0.0971634609526128,0.09726024519577009,0.03880590346861363,0.021322995283951665,0.014168698786947834,0.0141034825931598,0.010755738646477553,0.009195125384789005,0.008664570734227772,0.009213130107584178,0.010810906895447336,0.014077337994821693,0.021244146146954523,0.03908437971648321,0.09816756875959198,0.09728161261935206,0.03928926175548203,0.021363529816963434,0.021301420378466274,0.014079021776946893,0.010705155133716338,0.009089823521923696,0.008761515292393232,0.009301507475839785,0.010778394536436961,0.01406062543781389,0.021340631926282258,0.03930130326418427,0.09726024519577009,0.098161716456001,0.039105277369098856,0.03930379574707793,0.021482465842348475,0.014110797715931434,0.010636953143622896,0.009237921284554362,0.008905280563673346,0.009325357651327748,0.010809330779691484,0.014148232697351826,0.02133175219148392,0.03880590346861368,0.09728161261935207,0.09709224942592659,0.09810197216934624,0.03943479461548083,0.021262466352356846,0.013845304467944769,0.010666410115322739,0.009294532248175141,0.008861627409794945,0.009302394137200479,0.010852510981274238,0.014165238898906626,0.021322995283951665,0.039289261755482044,0.09816171645600084,0.09845754101182075,0.03898144924451821,0.02098356663120593,0.013928029265556113,0.010778488316318655,0.009305599604948589,0.00888351326202981,0.009368511361867594,0.010877093562405495,0.014168698786947875,0.021363529816963656,0.03910527736909892,0.09709224942592654
12,-0.15,0.44999999999999996,0.0,0.09687096480051247,0.03861677848500307,0.02101166936655917,0.013980061565092974,0.010736505180353594,0.009269165500316097,0.008882503769266747,0.009329846104329242,0.010839920564980145,0.014104272789588727,0.021305048746742553,0.039312176702375023,0.09811905768882749,0.09747461321062978,0.03857852223635752,0.02087420555142752,0.0138326210411608,0.010625962503228358,0.009208180852143734,0.008802213804978913,0.0092749487604647,0.010746404141437241,0.014072990664322431,0.02148195786510491,0.03944565244759628,0.09849457507485584,0.09687096480051234,0.09692670539719409,0.03841123963523509,0.020898012292730236,0.013812241338007514,0.010606243698483155,0.009150630802783624,0.008760271604443912,0.009159667217362943,0.010666822639289492,0.014067827987985688,0.021214923179532594,0.03893391099543163,0.03861677848500299,0.09747461321062979,0.09754425619039193,0.039160314146955075,0.02117114236516765,0.013934602142076494,0.010636762235691103,0.009165622576081372,0.008658843995331312,0.009074540811428115,0.010607836457766985,0.013793726787964044,0.020890809145030005,0.021011669366559155,0.038578522236357535,0.09692670539719414,0.09836998115853486,0.039226534517378384,0.021298325397917414,0.0140946594761126,0.010828680162540696,0.009243656049724488,0.008789809288346443,0.009263711608569699,0.010686355793759868,0.013932377230917056,0.013980061565092905,0.020874205551427563,0.03841123963523514,0.09754425619039202,0.09706591962205345,0.03903101592484993,0.02135555129240514,0.014224774323569965,0.010824522884180822,0.009316396875942858,0.00892168641861274,0.009311821969122098,0.010794052244531387,0.010736505180353635,0.013832621041160884,0.0208980122927303,0.03916031414695513,0.09836998115853494,0.09763768564358777,0.039194705873190405,0.021423492857519814,0.014079833629990256,0.010781994165642073,0.009329990554285874,0.008866908629231713,0.009310127525312874,0.009269165500316062,0.010625962503228358,0.01381224133800752,0.021171142365167636,0.039226534517378314,0.09706591962205346,0.09793584245037551,0.03923471348895209,0.021243680587104092,0.014060862212281824,0.010810128635284685,0.00930343453250344,0.008883752271520485,0.008882503769266706,0.009208180852143776,0.010606243698483175,0.01393460214207648,0.021298325397917386,0.03903101592484999,0.09763768564358799,0.09716200082679907,0.03908355354975105,0.0213402860234761,0.014148260981234756,0.010852683912234571,0.009368047295901377,0.009329846104329229,0.008802213804978906,0.009150630802783638,0.010636762235691113,0.01409465947611252,0.02135555129240521,0.03919470587319057,0.0979358424503754,0.09816699467781408,0.039301113340533364,0.02133189856476782,0.014165587685764015,0.010877095197919025,0.010839920564980038,0.009274948760464752,0.008760271604443953,0.009165622576081334,0.010828680162540627,0.014224774323570055,0.02142349285751996,0.039234713488952105,0.09716200082679904,0.09726037461921677,0.038806407959746686,0.02132383766325774,0.014169543668749549,0.014104272789588368,0.010746404141437405,0.009159667217362999,0.008658843995331345,0.009243656049724436,0.010824522884180898,0.014079833629990712,0.021243680587104075,0.03908355354975107,0.09816699467781415,0.09728260486250798,0.03929080626526016,0.021365535314517015,0.021305048746742605,0.014072990664322382,0.010666822639289447,0.009074540811428139,0.008789809288346467,0.00931639687594285,0.010781994165641975,0.014060862212281824,0.021340286023476096,0.039301113340533385,0.0972603746192168,0.09816426705330658,0.039108964188935585,0.03931217670237508,0.021481957865104817,0.014067827987985726,0.010607836457767028,0.009263711608569813,0.008921686418612573,0.009329990554285628,0.010810128635284744,0.014148260981234784,0.021331898564767776,0.03880640795974674,0.09728260486250798,0.09709870808436655,0.09811905768882778,0.039445652447596236,0.021214923179532552,0.013793726787964145,0.010686355793759983,0.00931182196912203,0.008866908629231562,0.009303434532503485,0.01085268391223454,0.014165587685764078,0.021323837663257808,0.03929080626526022,0.09816426705330644,0.09849457507485576,0.03893391099543164,0.020890809145029998,0.013932377230917115,0.010794052244531352,0.009310127525312809,0.008883752271520481,0.009368047295901363,0.010877095197919087,0.014169543668749542,0.021365535314517032,0.03910896418893561,0.09709870808436653
13,-0.2,0.44999999999999996,0.0,0.09674084428473856,0.0384408630427719,0.020990372273049437,0.01397684817293618,0.0107323610053126,0.009265649781750172,0.008880520693485064,0.009329640322058533,0.010841696284411773,0.014108639218303163,0.021313343714968125,0.03932743108952389,0.09814746228466541,0.09727185952536715,0.03850816490074746,0.02083525213816373,0.013796970348430145,0.010594045431476122,0.009180030565500888,0.00877716627402366,0.009252024316411155,0.010725268178614527,0.014053597282915388,0.021466028974062523,0.03944014397125678,0.09852070103881122,0.09674084428473854,0.09697003641275748,0.03843117264974462,0.02088381498866846,0.01378075360444822,0.010566554958194425,0.00910611231879671,0.008710708372416213,0.00910341085998617,0.010599822322880861,0.013983553274965296,0.02110643485231854,0.03879544463006882,0.03844086304277188,0.09727185952536725,0.09764985360600839,0.03925181886584375,0.021235810195486385,0.013978962946513504,0.010667081846382345,0.009185777082668073,0.008669860762423461,0.009075551371009667,0.010594202566486109,0.013754625347916518,0.02080219395254147,0.020990372273049382,0.03850816490074746,0.09697003641275764,0.09837525338646139,0.03924863240789623,0.021324375823116144,0.01412079548538506,0.010854420289030811,0.009269074040727417,0.008815511780428026,0.009289785582347703,0.010710380073226063,0.013946246818849279,0.013976848172936207,0.020835252138163785,0.0384311726497447,0.09764985360600849,0.09705553434293801,0.03902947861214523,0.02135845099358655,0.014230322836216986,0.010832072580841894,0.009325924301295165,0.00893342440686472,0.009325254538717445,0.010806157609869079,0.010732361005312635,0.013796970348430207,0.020883814988668536,0.03925181886584381,0.09837525338646153,0.09763264092227678,0.03919282876182097,0.021423656782395967,0.014081593181221295,0.010785254216777798,0.009334891027711628,0.008873265233545334,0.00931616952698958,0.009265649781750138,0.010594045431476136,0.013780753604448241,0.021235810195486385,0.03924863240789615,0.09705553434293804,0.09793402286473124,0.03923424147826457,0.021244329408469473,0.014062604807175007,0.01081311204494386,0.009307617748178038,0.008887943150613756,0.00888052069348505,0.009180030565500923,0.010566554958194446,0.013978962946513518,0.02132437582311615,0.0390294786121453,0.097632640922277,0.0971619161938681,0.03908430138073573,0.02134191235809941,0.014150954880849446,0.010856510755407046,0.009372184933432517,0.00932964032205845,0.008777166274023696,0.009106112318796739,0.010667081846382334,0.014120795485385085,0.02135845099358659,0.03919282876182112,0.09793402286473113,0.09816812260445576,0.03930302693125294,0.021334840382642058,0.014169720034898789,0.010881874663035904,0.010841696284411673,0.0092520243164112,0.008710708372416248,0.009185777082668073,0.010854420289030803,0.01423032283621703,0.021423656782396133,0.0392342414782646,0.09716191619386805,0.09726276316440936,0.03880988634877973,0.021328675778118228,0.014175442660326235,0.014108639218302854,0.010725268178614689,0.00910341085998645,0.00866986076242332,0.00926907404072741,0.010832072580842067,0.014081593181221763,0.021244329408469487,0.03908430138073571,0.09816812260445573,0.09728690702070891,0.03929677033126505,0.021373146824250178,0.021313343714968208,0.014053597282915276,0.010599822322880814,0.009075551371009627,0.008815511780428095,0.009325924301295169,0.010785254216777687,0.014062604807175041,0.021341912358099374,0.03930302693125296,0.0972627631644094,0.09817207490224758,0.03911936649832515,0.03932743108952402,0.021466028974062357,0.013983553274965144,0.010594202566486133,0.00928978558234772,0.00893342440686462,0.009334891027711345,0.010813112044943896,0.014150954880849442,0.021334840382642134,0.03880988634877977,0.09728690702070891,0.09711393115970818,0.09814746228466542,0.03944014397125675,0.021106434852318418,0.01375462534791655,0.010710380073226056,0.009325254538717465,0.008873265233545188,0.00930761774817808,0.010856510755407028,0.01416972003489883,0.021328675778118214,0.03929677033126513,0.09817207490224761,0.09852070103881116,0.03879544463006884,0.020802193952541487,0.013946246818849262,0.010806157609869069,0.009316169526989507,0.00888794315061378,0.009372184933432524,0.010881874663035897,0.014175442660326262,0.02137314682425015,0.03911936649832513,0.09711393115970807
14,-0.25,0.44999999999999996,0.0,0.09666511190398502,0.038461693322419,0.021070318862219883,0.01402017272017557,0.010749092017958824,0.009270315330335073,0.008879732133193138,0.009326139684579092,0.010836465655912196,0.014101939838626147,0.021304971516562826,0.03931689234750477,0.09813455908942273,0.09722256318316258,0.03857271382556238,0.020890346858555592,0.013824003790950744,0.010604725711046169,0.009181935619488775,0.00877396230056822,0.009245130677235227,0.010714915999713814,0.014039144840861153,0.021446031514728126,0.03941351725120001,0.09848918870514337,0.09666511190398494,0.09698443102339334,0.038506448871473295,0.020942208982628815,0.013819448143119889,0.010591595559278879,0.009121995113583622,0.00871991561110184,0.009106507739569242,0.010596097378444004,0.013970092388138226,0.021077657399128376,0.038742261383378745,0.03846169332241895,0.09722256318316262,0.09768341819957546,0.03931657272529274,0.02129932055000345,0.014035974910229981,0.010718475009637716,0.009234004004797156,0.008716683963204776,0.009123294047099412,0.010644736036406453,0.01380719593681664,0.02085125076968915,0.02107031886221989,0.0385727138255624,0.0969844310233933,0.09834739161826485,0.039246744623273745,0.021333834658781164,0.014135893261763479,0.010873501248502096,0.009292128403864681,0.00884396773775422,0.009326480384289397,0.010758874799997974,0.01401168524081755,0.014020172720175535,0.02089034685855562,0.03850644887147334,0.09768341819957554,0.09703024589802123,0.03901518929444622,0.021350544864917352,0.014226609404130484,0.010831840174704333,0.009329294429841546,0.00894163194162221,0.009340748063562228,0.01083348302135094,0.010749092017958872,0.013824003790950813,0.020942208982628913,0.03931657272529278,0.09834739161826492,0.09761720695489108,0.039181666446066514,0.02141525885611502,0.014075339823552399,0.01078089758035784,0.009332820586643725,0.008874737951897653,0.009323708176681517,0.009270315330335052,0.010604725711046176,0.013819448143119903,0.021299320550003414,0.03924674462327371,0.0970302458980212,0.09792410411294437,0.03922608588232582,0.021237481273870304,0.014056761058155787,0.010808332334487792,0.009304536755337302,0.008887878184693221,0.008879732133193118,0.009181935619488817,0.010591595559278896,0.014035974910229967,0.021333834658781164,0.03901518929444625,0.09761720695489134,0.09715478981097601,0.03907801259102052,0.02133617617337631,0.014145701779092605,0.010852061768838041,0.009369202725033943,0.009326139684579085,0.008773962300568233,0.00912199511358365,0.010718475009637699,0.014135893261763455,0.021350544864917387,0.03918166644606663,0.09792410411294433,0.09816247458052964,0.0392976889623116,0.021329688868310073,0.014164907684783068,0.010877689916901606,0.010836465655912106,0.009245130677235314,0.008719915611101886,0.009234004004797097,0.010873501248502088,0.01422660940413048,0.0214152588561152,0.03922608588232579,0.09715478981097597,0.0972577102480884,0.03880484465147056,0.021323695443027035,0.014170568023772964,0.014101939838626065,0.010714915999713859,0.009106507739569447,0.008716683963204852,0.009292128403864564,0.01083184017470451,0.01407533982355269,0.021237481273870207,0.03907801259102045,0.09816247458052918,0.09728190118462596,0.03929161915867413,0.021367698220655817,0.02130497151656288,0.01403914484086105,0.01059609737844397,0.009123294047099412,0.008843967737754255,0.009329294429841525,0.010780897580357732,0.014056761058155828,0.02133617617337631,0.0392976889623116,0.09725771024808834,0.09816656385045347,0.03911317696716918,0.039316892347504906,0.02144603151472796,0.013970092388138122,0.010644736036406477,0.009326480384289348,0.00894163194162223,0.009332820586643475,0.010808332334487913,0.014145701779092579,0.02132968886831013,0.03880484465147055,0.09728190118462599,0.0971066780882377,0.09813455908942278,0.03941351725119993,0.02107765739912837,0.013807195936816674,0.010758874799997986,0.009340748063562193,0.008874737951897554,0.009304536755337323,0.010852061768838059,0.01416490768478311,0.02132369544302709,0.03929161915867413,0.09816656385045341,0.09848918870514323,0.03874226138337869,0.02085125076968919,0.01401168524081757,0.01083348302135094,0.009323708176681461,0.008887878184693249,0.009369202725033922,0.010877689916901648,0.014170568023772971,0.021367698220655908,0.039113176967169164,0.09710667808823772
15,-0.3,0.44999999999999996,0.0,0.09635422184126799,0.037982589282259824,0.0209454837810681,0.013990071279540495,0.010740756329807179,0.009268925054780296,0.008881482587896797,0.009330044742617387,0.010842672891499795,0.014111498922864322,0.02132041614284836,0.03934425166350414,0.0981880556390069,0.09622595901767858,0.038179399443794504,0.020731158363238744,0.013740556786669043,0.010552270572595453,0.009144371188267678,0.008744569347535324,0.009220700810532091,0.010694652737828596,0.014023877345057053,0.021441159491716103,0.039437798820838796,0.09860567158900256,0.09635422184126799,0.09701745820250535,0.03848764998898721,0.020907483962564824,0.013780176127580465,0.01055017858444296,0.009078056221930843,0.008671209442265976,0.009049624214443597,0.010524437777707507,0.01387159243933441,0.020932479022216784,0.03851404272880349,0.03798258928225977,0.09622595901767862,0.09781366754538565,0.03938700074289031,0.021343291483742213,0.014065962407304108,0.010739828726626967,0.009249027798650361,0.008725169014874062,0.009122698978263061,0.010626595607014249,0.013748222927410379,0.020683365291826208,0.020945483781068072,0.03817939944379448,0.09701745820250537,0.09835992504319757,0.039260761478589694,0.02134826710278425,0.014150423666341994,0.010888381237250555,0.009307561102090228,0.008860215153016774,0.009342841366454668,0.01077021521734741,0.01399744377429359,0.013990071279540488,0.020731158363238772,0.03848764998898724,0.09781366754538569,0.09703317946637549,0.03901977865633567,0.0213562170643536,0.014233299315059442,0.010839708925044787,0.00933878399495747,0.008953255399151497,0.009353860665766385,0.01084229436397393,0.010740756329807248,0.013740556786669113,0.020907483962564907,0.03938700074289042,0.09835992504319763,0.09761919023825037,0.0391843111976274,0.02141857714337386,0.014079477226711995,0.010786197801321165,0.009339813411021722,0.008883637098959979,0.009332629467165138,0.009268925054780268,0.010552270572595453,0.013780176127580451,0.021343291483742186,0.03926076147858962,0.09703317946637549,0.0979257791200157,0.03922816616776907,0.021240108802884086,0.014060214138091717,0.010813069764719659,0.009310973347550901,0.00889546928181495,0.008881482587896804,0.00914437118826774,0.010550178584442987,0.014065962407304122,0.02134826710278423,0.03901977865633574,0.09761919023825055,0.09715643043638195,0.03908004388470402,0.02133884713147442,0.014149429674007867,0.010857334068625431,0.009376073247265991,0.009330044742617366,0.008744569347535355,0.00907805622193085,0.01073982872662696,0.014150423666341977,0.021356217064353644,0.03918431119762755,0.09792577912001563,0.09816431479905967,0.039300079030690466,0.021333039167076503,0.014169768085626706,0.010884486428573696,0.010842672891499733,0.009220700810532223,0.008671209442266015,0.009249027798650333,0.010888381237250472,0.014233299315059511,0.021418577143374057,0.03922816616776906,0.09715643043638197,0.0972601330076384,0.038808237834679224,0.02132870857650361,0.01417797909483444,0.014111498922864285,0.010694652737828825,0.009049624214443663,0.008725169014874079,0.009307561102090078,0.010839708925044933,0.014079477226712434,0.021240108802884017,0.039080043884704097,0.09816431479905946,0.09728570666395911,0.03929733309156891,0.021376574259719172,0.02132041614284838,0.014023877345056973,0.010524437777707452,0.009122698978263066,0.008860215153016798,0.00933878399495744,0.010786197801321049,0.014060214138091762,0.021338847131474395,0.03930007903069048,0.09726013300763846,0.09817386767167191,0.039125065151486615,0.03934425166350408,0.02144115949171599,0.013871592439334224,0.010626595607014344,0.009342841366454746,0.008953255399151427,0.00933981341102147,0.010813069764719685,0.014149429674007785,0.02133303916707663,0.038808237834679266,0.09728570666395922,0.09712472772129921,0.09818805563900684,0.0394377988208387,0.020932479022216732,0.01374822292741043,0.010770215217347417,0.009353860665766378,0.008883637098959868,0.009310973347550905,0.010857334068625421,0.014169768085626755,0.02132870857650364,0.03929733309156892,0.09817386767167184,0.09860567158900255,0.03851404272880343,0.02068336529182624,0.0139974437742936,0.010842294363973909,0.009332629467165066,0.008895469281814963,0.009376073247265956,0.01088448642857373,0.014177979094834467,0.02137657425971911,0.03912506515148664,0.09712472772129929
16,-0.35,0.44999999999999996,0.0,0.09558072565759787,0.03750194487979544,0.020859857571762286,0.013979575589881194,0.010745470637442162,0.009277873160236434,0.00889227731575288,0.0093424244951439,0.010857393900504188,0.014130160322849195,0.021346471455114903,0.03938541376747261,0.09826218640323939,0.09494523720738052,0.03770698344097792,0.020548822469920958,0.013651564656457747,0.010500117840178937,0.009109160124383966,0.008718274769641779,0.009199713205554023,0.01067804209480188,0.014012551791190944,0.02144092486130041,0.03946951688191576,0.0987463577918216,0.09558072565759773,0.09688936545772009,0.038401336709401795,0.020843373764199397,0.013724850179642395,0.01049732052503475,0.00902372765091209,0.008611033162545046,0.00897794067464635,0.010430647916204771,0.013734607793641704,0.020710189382033665,0.03810507731994593,0.03750194487979539,0.09494523720738059,0.09798348773944074,0.03949190403239147,0.02141524146229138,0.014119956856141001,0.010783317879012943,0.009286160275019549,0.008757331401793163,0.009149690189505207,0.010643349631415083,0.013735044806750453,0.02057131976177994,0.02085985757176225,0.03770698344097799,0.09688936545772006,0.09839039385395712,0.03928297056253312,0.02136670498681783,0.014167148029043331,0.010904761673390558,0.009324526590671057,0.00887888691018238,0.009364159479523095,0.010792707048799071,0.014008585762073717,0.013979575589881159,0.02054882246992098,0.03840133670940178,0.09798348773944075,0.09703416731287948,0.03902100183341383,0.021357977100239754,0.014235767211251391,0.01084314778761072,0.009343698130113067,0.008960555954470515,0.009364614615636247,0.010855816198877415,0.010745470637442203,0.013651564656457824,0.02084337376419948,0.039491904032391584,0.09839039385395729,0.09761727887611624,0.03918306675087649,0.02141796454038034,0.014079591656925097,0.010787306411431285,0.009342575706911625,0.008889279788005465,0.009342715360541237,0.009277873160236434,0.01050011784017895,0.013724850179642395,0.02141524146229136,0.03928297056253313,0.09703416731287948,0.09792422021175833,0.03922708964405691,0.02123957371169533,0.014060409816991762,0.01081452351357157,0.00931482337500339,0.008903757486733176,0.008892277315752865,0.009109160124383966,0.010497320525034784,0.014119956856141036,0.021366704986817822,0.03902100183341389,0.09761727887611649,0.0971554722098982,0.0390795201989686,0.02133892626638069,0.014150583514879142,0.01086063695961589,0.009383708313745603,0.009342424495143858,0.008718274769641807,0.009023727650912083,0.01078331787901296,0.014167148029043342,0.02135797710023979,0.03918306675087663,0.0979242202117584,0.09816397801974738,0.039300294605435174,0.0213342711211955,0.014173086737161902,0.010892208958761446,0.010857393900504067,0.009199713205554072,0.008611033162545106,0.009286160275019578,0.01090476167339055,0.014235767211251388,0.021417964540380585,0.039227089644056856,0.09715547220989823,0.09726061753058579,0.03880978401477439,0.02133246546131315,0.014186535088698715,0.014130160322849028,0.01067804209480211,0.0089779406746463,0.008757331401793134,0.009324526590671123,0.010843147787610863,0.014079591656925516,0.021239573711695436,0.039079520198968654,0.09816397801974719,0.09728785438559046,0.03930203037461866,0.02138691674195886,0.021346471455114896,0.014012551791190875,0.010430647916204766,0.00914969018950515,0.008878886910182404,0.00934369813011307,0.010787306411431163,0.014060409816991762,0.02133892626638066,0.039300294605435174,0.09726061753058575,0.09818042095486626,0.03913898271454924,0.03938541376747268,0.02144092486130017,0.013734607793641662,0.010643349631415111,0.009364159479523126,0.008960555954470484,0.009342575706911271,0.01081452351357165,0.014150583514879078,0.02133427112119554,0.0388097840147745,0.09728785438559046,0.09714595499187006,0.09826218640323961,0.03946951688191572,0.020710189382033617,0.013735044806750474,0.010792707048799144,0.009364614615636174,0.008889279788005328,0.009314823375003431,0.010860636959615852,0.01417308673716193,0.02133246546131319,0.039302030374618685,0.09818042095486616,0.09874635779182145,0.038105077319945974,0.020571319761779935,0.014008585762073741,0.010855816198877377,0.009342715360541154,0.008903757486733194,0.00938370831374559,0.010892208958761439,0.014186535088698708,0.02138691674195896,0.039138982714549166,0.09714595499186998
17,-0.39999999999999997,0.44999999999999996,0.0,0.09453444386378768,0.0373521336235052,0.02083750476480664,0.013960097732651597,0.01072931900931276,0.009265391874603027,0.00888289475418163,0.009335767713615384,0.010853552876372248,0.014130382028963363,0.021354030492991605,0.03940957520146901,0.09832938588215817,0.09455953088772129,0.03754389946266068,0.020432910078765867,0.013559920477134009,0.010423297884892262,0.009040601474425453,0.008653480611581579,0.009134493901941983,0.010609021959935946,0.01393515855620582,0.02135111165666383,0.03937431890507681,0.09870722023844991,0.09453444386378775,0.09711676629594379,0.038560257791561164,0.0209402625428496,0.013784895789263514,0.010535162401802065,0.009046478850240538,0.008621253892203069,0.00897359701006005,0.01040417264793001,0.013664630092361359,0.02054156260731023,0.03768218191426585,0.03735213362350524,0.09455953088772126,0.09803475989538299,0.0395595967487517,0.02148086136392932,0.014181707531335117,0.010842751459552727,0.009346177346750292,0.008820552051608106,0.00922001983555187,0.01072464676684848,0.013824232784711583,0.0206361500390898,0.02083750476480665,0.03754389946266066,0.09711676629594389,0.09837811953649298,0.03928220444162828,0.021371545984124808,0.0141753422360908,0.010915808626291391,0.00933880903696757,0.008897715303665371,0.00938985613028014,0.010827146485391004,0.014046969617629464,0.01396009773265161,0.02043291007876586,0.038560257791561206,0.09803475989538292,0.09702503807945083,0.039015796089858376,0.02135516806858884,0.014234677435351867,0.01084366497574729,0.009346084380949169,0.00896559192850296,0.009373204583419566,0.010866129436144636,0.010729319009312822,0.013559920477134085,0.020940262542849704,0.0395595967487518,0.09837811953649316,0.09761216849830807,0.039179382454965564,0.021415252018657554,0.014077715477868888,0.010786296436971567,0.009342745400780056,0.008891110519023762,0.009345197029650379,0.009265391874603006,0.010423297884892248,0.013784895789263563,0.021480861363929293,0.03928220444162828,0.09702503807945087,0.09792105377879602,0.03922452105356966,0.02123750287841068,0.014058823857419574,0.010813599960786551,0.009314920892947692,0.008904337317875599,0.008882894754181643,0.009040601474425466,0.010535162401802092,0.014181707531335103,0.021371545984124857,0.03901579608985842,0.09761216849830831,0.09715327461524803,0.03907766606973257,0.021337408751441155,0.014149553633343248,0.01086045145621229,0.00938418323132749,0.009335767713615384,0.008653480611581554,0.009046478850240583,0.010842751459552755,0.014175342236090765,0.021355168068588865,0.03917938245496572,0.09792105377879601,0.09816238725410696,0.039298993171507465,0.021333430018663786,0.014173125824324222,0.010893278657517283,0.010853552876372297,0.009134493901941904,0.00862125389220314,0.009346177346750362,0.010915808626291351,0.01423467743535195,0.02141525201865771,0.03922452105356969,0.09715327461524806,0.09725956579000819,0.03880926070244458,0.021333020997416477,0.014188724334357458,0.014130382028963329,0.010609021959935905,0.008973597010060341,0.0088205520516082,0.009338809036967599,0.010843664975747291,0.014077715477869457,0.021237502878410697,0.03907766606973262,0.09816238725410686,0.09728784831257822,0.03930352130689363,0.021391094514743414,0.02135403049299156,0.013935158556205807,0.010404172647929893,0.009220019835551901,0.008897715303665371,0.009346084380949124,0.010786296436971446,0.014058823857419578,0.021337408751441148,0.03929899317150748,0.0972595657900082,0.09818366778281148,0.03914694409637917,0.03940957520146893,0.021351111656663813,0.013664630092361296,0.010724646766848367,0.00938985613028015,0.008965591928502825,0.009342745400779728,0.010813599960786624,0.014149553633343193,0.021333430018663946,0.038809260702444504,0.09728784831257833,0.09716205648345871,0.09832938588215806,0.03937431890507681,0.02054156260731016,0.013824232784711593,0.010827146485391043,0.009373204583419531,0.008891110519023623,0.009314920892947748,0.010860451456212256,0.014173125824324243,0.021333020997416532,0.03930352130689375,0.09818366778281148,0.0987072202384498,0.037682181914265755,0.020636150039089834,0.01404696961762944,0.010866129436144636,0.009345197029650296,0.008904337317875599,0.00938418323132749,0.01089327865751729,0.014188724334357486,0.021391094514743463,0.039146944096379144,0.09716205648345864
18,-0.44999999999999996,0.44999999999999996,0.0,0.09161764451534163,0.036539381096917914,0.020621377375063657,0.013887112945284857,0.010702021543928616,0.009257060558719263,0.008884732954603673,0.009345135674322921,0.010871126408311761,0.014160363406078211,0.021407183838748758,0.03951450377681756,0.09856662201390058,0.09315815257913151,0.03695069572727683,0.020090252175216594,0.01332672204162516,0.010243951746480393,0.008887757688416764,0.008511977820265037,0.008992562315645037,0.010456955424980662,0.013759260792815965,0.021133971080107762,0.03911148493088823,0.09850498784747057,0.09161764451534152,0.0977517023105675,0.038802520756791956,0.021042840140369425,0.01382789329837953,0.010547187941958226,0.009037722515644778,0.008592841734874755,0.008918716026097036,0.01030374134719058,0.013468531620255656,0.020116644176140928,0.036613903236258974,0.03653938109691792,0.09315815257913151,0.09807354149378802,0.03959213088141017,0.021508890037392994,0.014206974613515978,0.010866557858574249,0.009369708587084908,0.008844312417360178,0.009243828960927439,0.010744220711274483,0.013816749007706297,0.020495161219242875,0.020621377375063615,0.036950695727276835,0.09775170231056757,0.09838361165918354,0.03929069070110684,0.02138155283038818,0.014186596207458657,0.010928723331125587,0.009354149417944482,0.008916889336799811,0.009414659859361154,0.010856185455782487,0.014055450356109576,0.013887112945284885,0.020090252175216622,0.03880252075679197,0.09807354149378808,0.09703171598314111,0.03902307269543248,0.021363130912559897,0.014243762727140003,0.010854560766816953,0.009360075810119635,0.008984793861034585,0.009399485442892631,0.010892942450532166,0.010702021543928665,0.01332672204162523,0.021042840140369508,0.039592130881410295,0.09838361165918366,0.09761815408947559,0.03918570695237326,0.021422332451236457,0.014086132333018163,0.010797114662863063,0.009357817481457868,0.008912755824283856,0.009372221658188906,0.009257060558719242,0.010243951746480372,0.013827893298379544,0.021508890037393036,0.0392906907011068,0.09703171598314111,0.09792652157365182,0.03923055138050088,0.021244607420457806,0.014067928087890506,0.010826352928537316,0.009333675053224876,0.008929992516676411,0.008884732954603701,0.008887757688416799,0.010547187941958233,0.014206974613515999,0.021381552830388187,0.039023072695432565,0.0976181540894758,0.09715885909813113,0.03908419818530143,0.021345752734628007,0.014161271926509419,0.01087794420492463,0.009409490734566678,0.009345135674322894,0.00851197782026504,0.009037722515644803,0.010866557858574225,0.014186596207458671,0.021363130912559952,0.03918570695237339,0.09792652157365184,0.09816885659006161,0.039307237145550886,0.021345031636222967,0.014190647688246828,0.010919700576323854,0.010871126408311713,0.008992562315645103,0.00859284173487479,0.009369708587084913,0.010928723331125573,0.014243762727140064,0.021422332451236592,0.039230551380500855,0.09715885909813099,0.09726839446713964,0.03882171782582756,0.021352046346595877,0.01421847493210747,0.014160363406078125,0.010456955424980763,0.008918716026097118,0.008844312417360278,0.009354149417944435,0.010854560766817123,0.014086132333018586,0.021244607420457695,0.0390841981853014,0.09816885659006153,0.09730232510705736,0.039325924641615495,0.021427483373474943,0.02140718383874876,0.013759260792815947,0.01030374134719056,0.009243828960927403,0.00891688933679985,0.009360075810119564,0.01079711466286297,0.014067928087890536,0.021345752734627993,0.039307237145550906,0.09726839446713961,0.0982129727917917,0.03919662901282123,0.039514503776817755,0.021133971080107727,0.01346853162025552,0.010744220711274344,0.00941465985936124,0.008984793861034512,0.009357817481457587,0.010826352928537453,0.014161271926509345,0.02134503163622309,0.03882171782582758,0.09730232510705737,0.09723973479305509,0.09856662201390073,0.039111484930888146,0.02011664417614087,0.013816749007706325,0.010856185455782458,0.009399485442892624,0.00891275582428376,0.009333675053224896,0.010877944204924647,0.014190647688246905,0.021352046346595918,0.039325924641615495,0.09821297279179171,0.09850498784747047,0.03661390323625899,0.020495161219242913,0.014055450356109528,0.010892942450532142,0.009372221658188837,0.00892999251667645,0.009409490734566664,0.010919700576323833,0.014218474932107435,0.02142748337347477,0.03919662901282125,0.09723973479305534
19,-0.49999999999999994,0.44999999999999996,0.0,0.0884007388990746,0.03655383021354318,0.020754364426030833,0.013978605186902332,0.010769133877454679,0.009312348077416759,0.008935448802306803,0.009396128518275773,0.010927536774660199,0.014229181475683358,0.02150233423849813,0.039668087058417276,0.09886163833991299,0.0914507126784782,0.036291513172951456,0.019745130362715094,0.013102450091672942,0.010074231501738765,0.008742732453430678,0.008375483212470388,0.008851540304081541,0.010298221376660009,0.01356038629967311,0.02085176831025355,0.03865876414766837,0.09768614505577053,0.0884007388990745,0.09804764790329931,0.03898126466293379,0.0211578757848958,0.013907691150871336,0.010606314679197731,0.009083194733670402,0.008627570863423348,0.008940496814040355,0.010303323658198959,0.013414424671850292,0.019903987617374577,0.03584035713569025,0.03655383021354323,0.09145071267847811,0.09813411386863163,0.039647728234131,0.021559168307205757,0.014254440789554686,0.010913830301343741,0.009420091376330658,0.008901695163568604,0.009315107822012036,0.010841687234955238,0.01395996227534195,0.0207077867985837,0.020754364426030847,0.03629151317295146,0.09804764790329937,0.09838040431264863,0.039290880876336046,0.02138389611939681,0.01419070281091597,0.010934838008715893,0.00936320780997403,0.008931093943946138,0.009439203222500981,0.010903112193235857,0.014154433692774773,0.01397860518690229,0.01974513036271506,0.03898126466293379,0.09813411386863156,0.09702522184009585,0.039018282096331736,0.02135953755600015,0.014241142889512096,0.01085308864960672,0.009360438319102313,0.008989172858492461,0.009414285129007294,0.010937424134588848,0.010769133877454776,0.013102450091673032,0.021157875784895884,0.0396477282341311,0.09838040431264877,0.09761322276822872,0.039181540936865746,0.021418694769836422,0.014083027954429244,0.010794806313991297,0.009357470172287021,0.00891842861198808,0.009397555092011796,0.009312348077416745,0.010074231501738737,0.013907691150871322,0.021559168307205737,0.03929088087633603,0.09702522184009585,0.09792277540051764,0.03922713316696194,0.02124148436071712,0.014065227388674169,0.010824849309789816,0.009336392896286037,0.008947799587471005,0.00893544880230681,0.008742732453430699,0.01060631467919776,0.014254440789554693,0.02138389611939688,0.03901828209633171,0.09761322276822892,0.09715577265820013,0.0390813064582461,0.021343140996216373,0.014159563612561713,0.010879721494027682,0.00942440282463456,0.009396128518275787,0.00837548321247042,0.009083194733670419,0.010913830301343727,0.014190702810915973,0.02135953755600016,0.03918154093686593,0.09792277540051753,0.09816618440407227,0.03930480088980507,0.021343417942483248,0.014192320110111026,0.010934055141530369,0.010927536774660199,0.008851540304081584,0.00862757086342339,0.00942009137633068,0.01093483800871592,0.01424114288951206,0.021418694769836627,0.039227133166961914,0.09715577265820016,0.09726612492168234,0.03882033683255848,0.02135417118187484,0.014234165484951364,0.014229181475683472,0.010298221376660033,0.008940496814040466,0.008901695163568701,0.009363207809974072,0.010853088649606657,0.014083027954429617,0.021241484360717044,0.03908130645824626,0.0981661844040721,0.09730144298406818,0.03932925892392947,0.02144686940774454,0.021502334238498094,0.013560386299673072,0.010303323658198943,0.009315107822011975,0.008931093943946145,0.009360438319102354,0.010794806313991184,0.014065227388674217,0.021343140996216356,0.03930480088980508,0.09726612492168227,0.09821909311607083,0.03922433319294663,0.039668087058417234,0.020851768310253482,0.013414424671850167,0.010841687234955266,0.009439203222500803,0.008989172858492545,0.009357470172286775,0.010824849309789886,0.014159563612561654,0.02134341794248326,0.038820336832558616,0.09730144298406815,0.09728678340879304,0.0988616383399129,0.03865876414766822,0.01990398761737458,0.013959962275341936,0.010903112193235809,0.009414285129007327,0.008918428611987952,0.009336392896286114,0.010879721494027689,0.014192320110111067,0.021354171181874868,0.039329258923929675,0.09821909311607077,0.09768614505577042,0.035840357135690254,0.02070778679858369,0.014154433692774748,0.010937424134588855,0.009397555092011733,0.008947799587471009,0.00942440282463456,0.010934055141530397,0.014234165484951378,0.021446869407744422,0.03922433319294666,0.09728678340879295
20,-0.5499999999999999,0.44999999999999996,0.0,0.08655997045253935,0.03656486330206837,0.020775952694156483,0.013983678837762331,0.010769518956852214,0.009311737325732247,0.008935054391627062,0.009396577408536104,0.010929556828179875,0.01423437277445986,0.02151459238749611,0.039698823852442514,0.09894887209075191,0.0912874575999652,0.03618171686161878,0.019637085008720148,0.013005446911294592,0.009985314713213476,0.008656553187936442,0.008286785186520547,0.008753264245927185,0.010180674480691466,0.013404979471049041,0.020620571056414915,0.038275499956555395,0.09700720665868015,0.08655997045253934,0.09824000546114997,0.03910558152057461,0.021244561488136193,0.013973955728519193,0.01066156076385456,0.009132645895618761,0.008674875079804398,0.008987577502258556,0.010351313318360967,0.013459101412307642,0.019914515822559896,0.03564366228933893,0.03656486330206848,0.09128745759996529,0.09809105266382004,0.039635430184979184,0.02155917285550899,0.014260583791781696,0.010924126000940674,0.009434587095695491,0.00892189745317798,0.00934475925989501,0.010889062923115547,0.014041475327280804,0.020850419778026985,0.020775952694156476,0.0361817168616188,0.09824000546114996,0.09837024789913659,0.039286953915949364,0.021383169723812004,0.01419206372306333,0.010938094568612623,0.00936886903475807,0.008940619844218536,0.009456129111120162,0.010935197549711114,0.014216746752779116,0.013983678837762373,0.01963708500872019,0.03910558152057464,0.09809105266381996,0.09702343655392573,0.03901788238598583,0.02136007054818361,0.01424254540625322,0.010855619794685249,0.009364816540241912,0.008997156819560152,0.00942982931256008,0.01096825635693795,0.010769518956852263,0.013005446911294655,0.021244561488136235,0.03963543018497931,0.09837024789913673,0.09761323158652103,0.039182024143172484,0.021419653518204077,0.01408463755723106,0.01079751692584393,0.00936237121662345,0.008927989631877254,0.00941659809381203,0.009311737325732247,0.00998531471321347,0.013973955728519193,0.021559172855509,0.03928695391594937,0.09702343655392573,0.09792330038207027,0.0392279624946462,0.021242759911872064,0.014067287011792565,0.010828496251575122,0.009343453317499192,0.008961860641398627,0.008935054391627062,0.008656553187936455,0.010661560763854577,0.014260583791781703,0.02138316972381203,0.03901788238598586,0.0976132315865213,0.09715659581086764,0.03908248362008875,0.021344964616663256,0.014162716100660343,0.010885755707347209,0.009436411023623095,0.009396577408536083,0.008286785186520554,0.009132645895618768,0.010924126000940712,0.014192063723063364,0.021360070548183646,0.03918202414317262,0.0979233003820702,0.09816739614330985,0.039306612394404826,0.02134647857712038,0.014198108288832889,0.010945576205353344,0.010929556828179837,0.008753264245927261,0.00867487507980444,0.009434587095695557,0.010938094568612639,0.014242545406253276,0.021419653518204268,0.03922796249464619,0.09715659581086761,0.09726812601955859,0.038823648001256025,0.021360361166364222,0.014246512099994543,0.01423437277445988,0.010180674480691487,0.008987577502258703,0.008921897453178174,0.009368869034758032,0.010855619794685467,0.014084637557231439,0.021242759911872022,0.03908248362008876,0.09816739614330966,0.09730541525362083,0.03933660503272701,0.021461598885959554,0.021514592387496007,0.013404979471048989,0.010351313318360922,0.009344759259895002,0.008940619844218525,0.009364816540241891,0.010797516925843811,0.014067287011792579,0.021344964616663256,0.03930661239440485,0.09726812601955855,0.09822899817555611,0.039244389503995614,0.03969882385244228,0.020620571056414738,0.013459101412307606,0.010889062923115533,0.009456129111120093,0.008997156819560093,0.009362371216623089,0.010828496251575226,0.014162716100660333,0.021346478577120548,0.03882364800125607,0.09730541525362077,0.09731878497816732,0.09894887209075182,0.038275499956555326,0.019914515822559875,0.014041475327280784,0.010935197549711118,0.009429829312560062,0.008927989631877131,0.009343453317499237,0.01088575570734722,0.014198108288832972,0.02136036116636425,0.03933660503272718,0.09822899817555604,0.09700720665868001,0.03564366228933891,0.020850419778027027,0.014216746752779078,0.010968256356937905,0.009416598093811929,0.008961860641398645,0.009436411023623067,0.01094557620535333,0.014246512099994522,0.021461598885959436,0.0392443895039956,0.09731878497816733
21,-0.5499999999999999,0.39999999999999997,0.0,0.08822860264897336,0.03641186238501187,0.02053246337976755,0.013813963155816414,0.010650747912692535,0.009222049596138787,0.008861781168993443,0.009332793304046419,0.010870923963978332,0.01417984727218382,0.021466372716097762,0.039672593966681144,0.0990142247432012,0.09341313438368876,0.036884523711851636,0.019891621435473614,0.013106025747459546,0.010021250997713081,0.008658986725640354,0.00826646047730522,0.008710841974320501,0.01010819531238763,0.013281039669214116,0.020391130011618158,0.037804907801939173,0.09590548504778319,0.08822860264897334,0.09849473520062986,0.03936040322250248,0.021448549530456718,0.01414284988175956,0.01081130193738291,0.009274725258634885,0.00882019785371189,0.009146726155494613,0.010541482140992714,0.01370910658717502,0.020270599862693094,0.03621051184732624,0.03641186238501186,0.09341313438368874,0.0979831035937525,0.03958195405741753,0.021527963680209525,0.014239675633464913,0.010908415505202582,0.00942147605697867,0.008909889493442694,0.009332092897541212,0.010872296856700223,0.014009807726353202,0.020760073894792935,0.020532463379767517,0.03688452371185166,0.0984947352006299,0.09833799403124241,0.03926560700774967,0.02136704929580139,0.014178485779192312,0.010925417492854288,0.009355880002281165,0.008925539272857344,0.00943541320345066,0.010899271035608074,0.014128658962035273,0.013813963155816456,0.01989162143547362,0.03936040322250253,0.09798310359375256,0.09701217066676938,0.03900928483205858,0.021352795021816365,0.014235749331875474,0.010848677312868114,0.009356796461645327,0.008986166300297955,0.00941048619803101,0.010917958178928173,0.010650747912692597,0.013106025747459601,0.02144854953045683,0.0395819540574176,0.09833799403124258,0.09760821672690592,0.03917783731334231,0.021415812434943903,0.014080804035905756,0.010793202914401542,0.00935657318620376,0.008917604672802872,0.009387091145824714,0.009222049596138773,0.010021250997713053,0.014142849881759581,0.021527963680209525,0.03926560700774963,0.09701217066676948,0.09792063093978029,0.039225589628350654,0.021240489038864795,0.014064858681614063,0.010825375765747366,0.009337754317631577,0.008943414444203525,0.00886178116899343,0.008658986725640375,0.010811301937382917,0.01423967563346494,0.021367049295801396,0.03900928483205862,0.09760821672690623,0.09715502008872057,0.039081080862833045,0.02134361008119956,0.014161158049321595,0.010882835091713068,0.00942447128225414,0.009332793304046391,0.008266460477305212,0.009274725258634875,0.010908415505202607,0.014178485779192285,0.021352795021816418,0.039177837313342484,0.09792063093978026,0.09816655375790058,0.0393059866276241,0.021346029535902557,0.014197203143471962,0.010938186150834042,0.010870923963978332,0.008710841974320482,0.008820197853711964,0.009421476056978628,0.010925417492854306,0.014235749331875547,0.021415812434944143,0.03922558962835054,0.09715502008872054,0.09726813399502228,0.03882423394093992,0.021361391995563042,0.014243212025546223,0.014179847272183688,0.010108195312387658,0.009146726155494833,0.008909889493442735,0.009355880002281158,0.01084867731286826,0.014080804035906336,0.021240489038864607,0.03908108086283307,0.0981665537579004,0.09730734570286348,0.03934024801629754,0.02146369999996872,0.021466372716097748,0.013281039669214095,0.010541482140992708,0.009332092897541139,0.008925539272857358,0.009356796461645306,0.010793202914401445,0.014064858681614084,0.02134361008119952,0.03930598662762412,0.09726813399502228,0.09823709735187003,0.0392559063838121,0.039672593966681324,0.020391130011617964,0.013709106587174946,0.010872296856700159,0.009435413203450815,0.008986166300297804,0.009356573186203476,0.010825375765747436,0.01416115804932161,0.021346029535902672,0.03882423394093998,0.0973073457028634,0.09735138472025778,0.09901422474320126,0.037804907801939125,0.020270599862693084,0.014009807726353213,0.010899271035608088,0.009410486198030976,0.008917604672802712,0.009337754317631633,0.010882835091713047,0.014197203143471976,0.02136139199556307,0.03934024801629771,0.09823709735187003,0.0959054850477831,0.03621051184732624,0.020760073894792883,0.014128658962035315,0.010917958178928114,0.009387091145824603,0.008943414444203573,0.009424471282254127,0.010938186150834042,0.014243212025546209,0.021463699999968618,0.039255906383812114,0.09735138472025782
22,-0.5499999999999999,0.35,0.0,0.0893699497720224,0.0363152019792963,0.020349464294804595,0.013670058986821276,0.010540038932224632,0.009131234299019422,0.008781438195076138,0.009256747655060016,0.01079368558295736,0.014096786244382908,0.021371197154272437,0.039559693786608195,0.09889767061319296,0.09546262404098285,0.03763138990190221,0.02021700242674071,0.01327449488699163,0.010119902182710222,0.008721608090489982,0.008306964652789454,0.008734177680501519,0.010111747626005129,0.013253119866088669,0.02029585177110907,0.037542530847142985,0.09524863980718117,0.0893699497720224,0.09817443579413718,0.03923794390660909,0.021390290867972422,0.014110361273709182,0.010790712395773935,0.00926030979131626,0.008809284026271687,0.00913814061851857,0.01053443551591178,0.013702955738480358,0.020264410231330385,0.036222967119541226,0.03631520197929627,0.09546262404098282,0.09792652315041223,0.039553243913763636,0.021510680543671626,0.014227621965234069,0.010898867383274845,0.009412913987873726,0.008901193188723181,0.009321559010814353,0.010856057449595918,0.013976053128290044,0.020662877321297356,0.020349464294804498,0.037631389901902165,0.09817443579413726,0.09833315272452677,0.039263966872527596,0.021366835285821943,0.014179018325511217,0.010926430111569296,0.00935721852198947,0.008926932175190638,0.009435735675010156,0.010893016132068226,0.01408560958753664,0.013670058986821214,0.020217002426740696,0.03923794390660909,0.0979265231504122,0.09701412836142279,0.03901168564758581,0.021355506624503095,0.014238838153310906,0.010852281108738137,0.009361140742347005,0.00899129670945246,0.009414337123298583,0.010902860282959292,0.010540038932224681,0.0132744948869917,0.021390290867972506,0.03955324391376369,0.09833315272452703,0.09761101465942137,0.03918081864074992,0.021419129592795735,0.014084675563911471,0.010798008611556378,0.009362799160493129,0.008924737409437156,0.009384125144383002,0.009131234299019388,0.010119902182710229,0.014110361273709224,0.021510680543671612,0.03926396687252762,0.09701412836142273,0.0979235813761483,0.03922886253226825,0.021244334061614484,0.014069723313786992,0.010831963847426681,0.009346372673245652,0.0089466963411803,0.00878143819507609,0.008721608090489996,0.010790712395773977,0.01422762196523411,0.021366835285821992,0.039011685647585795,0.09761101465942151,0.0971583220675035,0.03908499194100179,0.021348637176193,0.01416817846309635,0.01089273154834559,0.009432082447879714,0.009256747655059933,0.00830696465278942,0.009260309791316298,0.010898867383274877,0.014179018325511217,0.021355506624503057,0.0391808186407501,0.09792358137614826,0.09817071855314703,0.03931141949079225,0.021353811572486954,0.01420877655012582,0.010949993156394854,0.010793685582957235,0.008734177680501554,0.008809284026271735,0.00941291398787375,0.010926430111569269,0.014238838153310895,0.02141912959279596,0.03922886253226826,0.0971583220675035,0.0972744132656064,0.038833445832143654,0.021375724009106117,0.01426062510346987,0.014096786244382487,0.010111747626005252,0.009138140618518698,0.008901193188723344,0.009357218521989397,0.010852281108738149,0.014084675563911908,0.021244334061614467,0.039084991941001956,0.09817071855314674,0.09731913427272654,0.03935942333598952,0.021490415540511565,0.021371197154272686,0.013253119866088625,0.010534435515911711,0.009321559010814329,0.008926932175190638,0.009361140742347021,0.010798008611556248,0.014069723313787016,0.021348637176192994,0.03931141949079226,0.09727441326560637,0.09826561570170106,0.03930055445785455,0.039559693786608674,0.020295851771108986,0.013702955738480183,0.01085605744959578,0.009435735675010215,0.00899129670945259,0.009362799160492818,0.010831963847426795,0.014168178463096204,0.021353811572487058,0.03883344583214371,0.09731913427272655,0.09743583699401709,0.0988976706131933,0.03754253084714296,0.020264410231330326,0.013976053128290061,0.010893016132068223,0.009414337123298616,0.008924737409437028,0.009346372673245673,0.010892731548345552,0.014208776550125882,0.02137572400910613,0.03935942333598963,0.09826561570170098,0.09524863980718115,0.03622296711954123,0.020662877321297318,0.014085609587536588,0.010902860282959295,0.009384125144382874,0.00894669634118031,0.009432082447879672,0.01094999315639484,0.014260625103469843,0.021490415540511395,0.039300554457854645,0.09743583699401721
23,-0.5499999999999999,0.3,0.0,0.09038053669844293,0.03637590174713476,0.020206831679121087,0.013518136596646024,0.010405726240749577,0.009010607232998652,0.00866711244009067,0.00914214945558664,0.010671044014218072,0.013957757250137178,0.021203105273100965,0.03934967705951307,0.09867809399401356,0.09702315475544251,0.03838151307431484,0.020603938019164963,0.013504533361989111,0.010274382507163234,0.008836125742494393,0.008398036877308706,0.008810054381391095,0.010173402564367563,0.013295223804718296,0.020294642120524294,0.03742700917910341,0.0948910702919177,0.09038053669844277,0.09807457056051871,0.0392443006077392,0.0214223609069306,0.014149850936546915,0.010833774615170863,0.00930707669025974,0.008862210061168954,0.009201140463945292,0.010614798948040764,0.013812484484903867,0.02041394945256924,0.03642047707397241,0.0363759017471347,0.0970231547554425,0.09783577591228185,0.039505061615408274,0.021481411110635833,0.01420777167702015,0.010884214835416718,0.009401321098929024,0.008891630791756172,0.009312930635416387,0.01084571258671449,0.013951295942301656,0.020565515339076183,0.020206831679121087,0.03838151307431485,0.0980745705605187,0.09831119764474795,0.03925046445638623,0.021357585227920195,0.014172117580929507,0.010920877588798132,0.00935245383691673,0.008922172355247969,0.009428731926652514,0.010873301334665936,0.014001048603332351,0.013518136596645997,0.02060393801916499,0.03924430060773919,0.09783577591228183,0.09700852997537054,0.03900816064781661,0.02135318375804034,0.014237298916563007,0.010851327316834325,0.009360474707226191,0.00898970919505094,0.009404890478308328,0.010846708273077932,0.010405726240749653,0.01350453336198918,0.021422360906930712,0.03950506161540836,0.09831119764474813,0.09760981627489114,0.03918036312448596,0.02141924096640926,0.01408532143253568,0.01079914278259163,0.009363823429149877,0.00892092080551105,0.009345724078085232,0.009010607232998596,0.01027438250716324,0.014149850936546922,0.021481411110635854,0.03925046445638626,0.09700852997537054,0.09792399373454286,0.039229752386394395,0.021245754857957967,0.014071770040048765,0.01083439822579841,0.009345756636179984,0.008918581139198915,0.008667112440090635,0.008836125742494434,0.010833774615170863,0.014207771677020184,0.021357585227920195,0.0390081606478167,0.09760981627489126,0.09715970425023124,0.03908693868150197,0.021351346952673426,0.014171667485945857,0.010894364063715793,0.009410207227252283,0.009142149455586585,0.008398036877308682,0.009307076690259763,0.010884214835416753,0.01417211758092947,0.02135318375804035,0.03918036312448617,0.09792399373454286,0.09817317458536857,0.039314814233047835,0.021358394869713096,0.014212492010494467,0.010932426500462417,0.010671044014218006,0.008810054381391097,0.00886221006116894,0.009401321098929105,0.010920877588798061,0.014237298916563057,0.021419240966409514,0.03922975238639431,0.09715970425023118,0.09727875644604236,0.038839539581218,0.021382042415228036,0.014246703848060427,0.013957757250136926,0.010173402564367662,0.009201140463945379,0.008891630791756255,0.009352453836916741,0.010851327316834358,0.014085321432536158,0.021245754857957988,0.03908693868150204,0.09817317458536834,0.09732764509673666,0.03936987076117526,0.02148153123878721,0.021203105273101125,0.013295223804718231,0.010614798948040766,0.009312930635416328,0.008922172355247976,0.009360474707226146,0.010799142782591517,0.014071770040048767,0.021351346952673406,0.039314814233047876,0.0972787564460424,0.09828369446055393,0.03930150049308362,0.039349677059513255,0.020294642120524342,0.013812484484903742,0.010845712586714518,0.0094287319266525,0.008989709195050877,0.009363823429149598,0.010834398225798403,0.014171667485945838,0.021358394869713193,0.03883953958121797,0.09732764509673675,0.09746251913535037,0.0986780939940139,0.03742700917910338,0.02041394945256922,0.013951295942301628,0.01087330133466588,0.009404890478308309,0.008920920805510879,0.009345756636180008,0.010894364063715786,0.014212492010494515,0.021382042415228092,0.039369870761175346,0.09828369446055382,0.09489107029191768,0.03642047707397236,0.02056551533907619,0.014001048603332372,0.01084670827307789,0.009345724078085163,0.008918581139198939,0.009410207227252235,0.010932426500462451,0.014246703848060385,0.021481531238787113,0.03930150049308366,0.09746251913535028
24,-0.5499999999999999,0.25,0.0,0.09329028516433707,0.0372833771751401,0.020512722293624108,0.013634179639246083,0.010452909590882395,0.009027427095024985,0.008667351742775393,0.009130464633927013,0.010647173099485527,0.013916646102718897,0.021131492019812965,0.03921247287698015,0.09837067451829944,0.09748148957856695,0.03875253884973223,0.020865853333556658,0.013700686839492097,0.010435029324888122,0.008979998596524555,0.008537461158955845,0.008956998987880322,0.010341409902345507,0.01350886882978063,0.020604153314877777,0.03794645926069697,0.09594775604514741,0.09329028516433698,0.09784465249147131,0.0391677978674366,0.0213976677577011,0.014146819877797291,0.010842314351622875,0.00932412209452739,0.008888497776193504,0.00924105353259123,0.010679449686422034,0.013930922053106757,0.020672290404781968,0.03718994044252604,0.03728337717514006,0.09748148957856693,0.09776529159358026,0.039463948232940485,0.02145397201642553,0.014187277050387519,0.010867489542183431,0.009386587787289055,0.008878063896432557,0.009300047714121315,0.010834462804512592,0.013951007150654872,0.020659936130561263,0.02051272229362404,0.03875253884973223,0.09784465249147123,0.09828619600517291,0.039232329423560294,0.021342867548929022,0.014158997583562542,0.010908054084688099,0.009338834553820737,0.008906067395221463,0.009407141261601184,0.010841671678838169,0.013972970024787618,0.013634179639246048,0.02086585333355665,0.03916779786743663,0.09776529159358033,0.09699699444676788,0.03899850216679959,0.021344311176385068,0.0142283447107922,0.010841438184562978,0.009348173189953082,0.008971986827804826,0.009375490748212725,0.010801665043282685,0.010452909590882437,0.013700686839492195,0.021397667757701168,0.03946394823294057,0.09828619600517294,0.09760295618189806,0.03917396201845077,0.02141267660225864,0.014077932689108758,0.010789729545560466,0.009349811613733158,0.008896437845569784,0.00930223699648422,0.00902742709502495,0.010435029324888129,0.014146819877797305,0.021453972016425515,0.03923232942356024,0.0969969944467679,0.09791890758654904,0.039224484933763085,0.021239758599205853,0.014064023902718374,0.010822647830591656,0.009324597216502285,0.008877976920187533,0.008667351742775366,0.008979998596524603,0.010842314351622875,0.01418727705038754,0.02134286754892903,0.03899850216679962,0.09760295618189821,0.09715506523544812,0.03908162090850443,0.021344420437373852,0.014161041501202072,0.01087485988196597,0.009370835915225861,0.009130464633926971,0.00853746115895583,0.009324122094527404,0.010867489542183445,0.014158997583562524,0.021344311176385092,0.03917396201845094,0.09791890758654892,0.09816805926376962,0.03930812411418892,0.02134807433193489,0.014193328289407621,0.010892277996172609,0.010647173099485416,0.008956998987880382,0.008888497776193521,0.009386587787289097,0.01090805408468809,0.014228344710792207,0.021412676602258818,0.039224484933763015,0.09715506523544815,0.09727172022172834,0.038828681477349664,0.02136177920573687,0.014202969937758825,0.01391664610271881,0.010341409902345666,0.009241053532591303,0.008878063896432586,0.009338834553820785,0.010841438184563013,0.014077932689109118,0.021239758599205794,0.03908162090850453,0.09816805926376948,0.09731527595460532,0.039346868985931316,0.021430623703220242,0.021131492019813014,0.013508868829780585,0.010679449686422038,0.009300047714121296,0.008906067395221456,0.009348173189953082,0.010789729545560331,0.014064023902718409,0.021344420437373834,0.03930812411418895,0.09727172022172831,0.09825499645119312,0.039236797864487805,0.039212472876980486,0.020604153314877638,0.013930922053106753,0.010834462804512501,0.009407141261601137,0.008971986827804868,0.009349811613732939,0.010822647830591725,0.01416104150120201,0.021348074331934974,0.03882868147734972,0.09731527595460542,0.0973711964604767,0.09837067451829956,0.037946459260696896,0.020672290404781996,0.01395100715065481,0.010841671678838233,0.0093754907482127,0.008896437845569663,0.00932459721650232,0.010874859881965973,0.014193328289407711,0.02136177920573694,0.0393468689859314,0.09825499645119307,0.09594775604514744,0.03718994044252605,0.020659936130561274,0.013972970024787618,0.010801665043282685,0.00930223699648415,0.008877976920187547,0.009370835915225861,0.010892277996172636,0.014202969937758811,0.02143062370322044,0.03923679786448773,0.09737119646047684
25,-0.5499999999999999,0.2,0.0,0.09465025563937615,0.03778937455619609,0.020666739148177835,0.013668704765687295,0.010443583741885074,0.008997651174956545,0.008623864959849285,0.009073574732535228,0.010572144679643635,0.013812782489394597,0.020976345881975486,0.03896033459844138,0.09795915379652333,0.09807389472911643,0.03914102252649182,0.02111802470240201,0.013877612891103258,0.010570509337375321,0.009092171836354378,0.008635797544742075,0.009046886122036945,0.01042185186465383,0.01356976077707367,0.020600434217405587,0.037710770160392884,0.09508632269175617,0.09465025563937601,0.09767706435282486,0.03910294448005511,0.021370889291111764,0.014136872146597708,0.010841390402641309,0.009329355052973116,0.008899472578699205,0.009259160665137864,0.010708157857669664,0.01397659826374068,0.02074047928935726,0.03732360375182056,0.03778937455619612,0.09807389472911648,0.0977012129054145,0.03942538766307557,0.021427765604585015,0.014167564094055757,0.010851458697427298,0.009372668195215194,0.008865592080570375,0.009288578806976306,0.010823787008670697,0.013939017437446424,0.02064663256960458,0.02066673914817782,0.03914102252649188,0.09767706435282492,0.09826383231931055,0.03921639959698324,0.021330337772400523,0.014148332577615583,0.010898297351833267,0.009329455423082032,0.008896469689590073,0.009396407538297192,0.010826057909220381,0.013935681924460878,0.013668704765687281,0.021118024702402052,0.039102944480055093,0.09770121290541448,0.09698743605213453,0.038990919442030536,0.021337828641429277,0.014222410887563076,0.010835758515813377,0.009342422131787844,0.008965623529883435,0.009365626486495316,0.010769994308184507,0.01044358374188515,0.013877612891103355,0.021370889291111868,0.039425387663075656,0.09826383231931071,0.09759802548758312,0.03916979624898784,0.021408940421634676,0.014074484892210592,0.010786460697611511,0.009346564256763359,0.008891289953991775,0.009278421449690249,0.00899765117495649,0.010570509337375335,0.014136872146597701,0.02142776560458501,0.039216399596983226,0.0969874360521345,0.0979160360455848,0.03922201058738564,0.021237640117883507,0.014062309699532916,0.010821489827703423,0.009322841456714501,0.008860221804002422,0.0086238649598493,0.009092171836354399,0.010841390402641343,0.014167564094055757,0.02133033777240051,0.03899091944203062,0.09759802548758334,0.09715339215475022,0.03908039981669166,0.02134384090050147,0.014161554099923708,0.010875990733925686,0.009357868706011248,0.0090735747325352,0.0086357975447421,0.00932935505297311,0.010851458697427319,0.01414833257761558,0.0213378286414293,0.03916979624898795,0.09791603604558474,0.09816758850489835,0.039308596925414,0.021350303034579302,0.014197603298224316,0.010883995616606017,0.010572144679643625,0.009046886122036968,0.008899472578699219,0.009372668195215234,0.01089829735183323,0.014222410887563097,0.02140894042163491,0.03922201058738556,0.09715339215475016,0.09727348264800845,0.03883321236197504,0.021370485389613475,0.014200809972707784,0.013812782489394548,0.01042185186465383,0.009259160665137933,0.008865592080570361,0.009329455423082056,0.010835758515813532,0.014074484892211081,0.02123764011788354,0.03908039981669176,0.09816758850489826,0.09732371204043605,0.039363435762153454,0.02143994053881726,0.020976345881975528,0.01356976077707353,0.010708157857669653,0.009288578806976311,0.00889646968959007,0.00934242213178782,0.010786460697611383,0.014062309699532954,0.021343840900501454,0.03930859692541402,0.0972734826480085,0.09828768595236104,0.03927212682991321,0.038960334598441226,0.020600434217405428,0.013976598263740647,0.010823787008670704,0.00939640753829718,0.008965623529883393,0.009346564256763057,0.010821489827703423,0.014161554099923757,0.021350303034579382,0.03883321236197512,0.097323712040436,0.0974776612036678,0.0979591537965234,0.037710770160392815,0.020740479289357266,0.013939017437446383,0.010826057909220393,0.009365626486495277,0.008891289953991646,0.009322841456714526,0.010875990733925686,0.014197603298224365,0.021370485389613503,0.0393634357621536,0.09828768595236098,0.09508632269175601,0.03732360375182053,0.02064663256960461,0.013935681924460874,0.010769994308184483,0.009278421449690155,0.008860221804002422,0.009357868706011227,0.010883995616606051,0.014200809972707742,0.021439940538817252,0.039272126829913205,0.09747766120366762
26,-0.5499999999999999,0.15000000000000002,0.0,0.0956880802118418,0.038173627602969024,0.020810806087017325,0.013721356145854041,0.010457614535180633,0.008991593420695602,0.008603857828233634,0.009040269328336223,0.010521660236105325,0.013735059444827873,0.02084970341135655,0.038739397343147845,0.09758356474311687,0.09806042113321858,0.03919826939059559,0.021177464348200836,0.013929980297807738,0.01061740188240859,0.009136382029985048,0.008679735207307599,0.009093308848074862,0.010473474219493031,0.013630628500811296,0.020675754246823858,0.037818183209833836,0.09552748633146547,0.09568808021184179,0.097620966701702,0.03908113718533068,0.021362228151795712,0.014134220528922728,0.010842088640009434,0.009332415675099768,0.00890473914664827,0.009266935366376818,0.010718853602908423,0.013989136174624824,0.020749390502424955,0.03745784078481132,0.038173627602969,0.09806042113321858,0.09768737974199794,0.039418298110353175,0.02142397561426447,0.014165623635329957,0.010850718085919971,0.009372815269790882,0.008866351704699044,0.00928902015445169,0.010819493255776578,0.013910678143025781,0.020588702031393333,0.02081080608701731,0.039198269390595564,0.09762096670170202,0.09826127426502188,0.03921548824338673,0.02133041445098511,0.014149124968273127,0.010899714847721955,0.009331399287170899,0.00889836508336736,0.009394918439849388,0.0108043181202091,0.013859399534837426,0.013721356145854076,0.02117746434820085,0.03908113718533074,0.09768737974199798,0.09698802149581456,0.038992102268403696,0.021339520475855158,0.014224649536148545,0.010838588093353493,0.009345603438031307,0.008966905987682983,0.009351673112231427,0.010702651512332625,0.010457614535180702,0.013929980297807815,0.021362228151795816,0.03941829811035327,0.09826127426502203,0.09759970091638125,0.03917188664637072,0.02141154790176619,0.014077737058358514,0.01079033027819911,0.009349520607668953,0.008882542800237207,0.009220976553382564,0.00899159342069556,0.01061740188240861,0.014134220528922735,0.02142397561426447,0.03921548824338669,0.09698802149581459,0.09791839094747265,0.03922488745480582,0.021241226808588313,0.014066727535871995,0.01082567812066877,0.009317546843542242,0.00880914671576313,0.008603857828233641,0.009136382029985055,0.010842088640009476,0.014165623635329985,0.021330414450985116,0.038992102268403814,0.0975997009163814,0.09715661435894712,0.03908443506872383,0.021348946464489104,0.01416702025733502,0.01087338546479432,0.009309837194258722,0.009040269328336195,0.00867973520730761,0.009332415675099764,0.010850718085919975,0.014149124968273141,0.02133952047585519,0.03917188664637092,0.09791839094747265,0.09817229005921921,0.03931469328042464,0.02135742337969466,0.014197710744569499,0.010836627841938111,0.010521660236105318,0.009093308848074855,0.0089047391466483,0.00937281526979089,0.010899714847721953,0.014224649536148604,0.021411547901766442,0.03922488745480579,0.09715661435894721,0.09728117701369272,0.038842892157962036,0.021374232734686166,0.014151937986468105,0.013735059444827835,0.01047347421949324,0.009266935366376794,0.008866351704699182,0.00933139928717086,0.010838588093353585,0.014077737058359019,0.02124122680858831,0.03908443506872383,0.09817229005921924,0.09733777650849701,0.03937367497780736,0.02138919821407348,0.020849703411356557,0.013630628500811287,0.010718853602908363,0.009289020154451683,0.00889836508336743,0.009345603438031272,0.010790330278198965,0.014066727535872,0.021348946464489066,0.039314693280424653,0.09728117701369271,0.09831146931524742,0.039223257824541335,0.038739397343147686,0.020675754246823774,0.013989136174624772,0.010819493255776524,0.009394918439849409,0.008966905987682905,0.009349520607668638,0.010825678120668869,0.014167020257334906,0.021357423379694734,0.03884289215796205,0.09733777650849701,0.09745587140448214,0.09758356474311672,0.037818183209833794,0.02074939050242483,0.01391067814302585,0.010804318120209044,0.009351673112231396,0.008882542800237092,0.009317546843542274,0.010873385464794286,0.014197710744569533,0.02137423273468622,0.03937367497780747,0.09831146931524731,0.09552748633146538,0.03745784078481129,0.020588702031393347,0.013859399534837419,0.0107026515123326,0.009220976553382498,0.00880914671576312,0.009309837194258729,0.010836627841938125,0.014151937986468133,0.021389198214073486,0.03922325782454129,0.09745587140448186
27,-0.5499999999999999,0.10000000000000002,0.0,0.09643232901550311,0.038649528676497985,0.021092708688806347,0.013902174529474245,0.010585818763564979,0.009091708932168228,0.008689050708382384,0.009117868898387511,0.010596929793284693,0.013810681855181764,0.02092690518627005,0.03880970012857756,0.09758430897310708,0.09801118888079802,0.039254653033343884,0.021252133393317205,0.0140045974258204,0.01069110533103014,0.009212420402761191,0.008762594532766683,0.009190497406193467,0.010597495785368331,0.01380784302781731,0.020968457755185195,0.03838674701438856,0.09672228539505269,0.09643232901550311,0.09751907228658722,0.03902931535628454,0.021332723925281412,0.014116038183111919,0.010830555288582053,0.00932569551131638,0.0089026751865183,0.009271618632611701,0.010736520113114788,0.014039675918214981,0.020906455645987036,0.038016417347277565,0.038649528676498006,0.09801118888079811,0.09764615400783122,0.03939026116162672,0.021402760651476345,0.014147997087810983,0.010834934348969177,0.009357666058571211,0.008851170762064327,0.009273423938392325,0.010805519298349022,0.013918142914767548,0.020755202753995627,0.021092708688806312,0.039254653033343904,0.09751907228658727,0.09824246326155797,0.03920058852009423,0.02131746140138245,0.014136941131983907,0.010887294034429206,0.009317796376910954,0.008882105039531733,0.009373991728070274,0.010781879344015479,0.013902621466502913,0.013902174529474245,0.02125213339331724,0.039029315356284566,0.09764615400783125,0.09697751493465313,0.03898278214090403,0.021330572194350545,0.014215308162702072,0.010828015716968523,0.009332310058348902,0.008948122527789152,0.009325194866726526,0.01070436176733306,0.010585818763565027,0.014004597425820477,0.021332723925281495,0.03939026116162682,0.09824246326155814,0.09759256020867607,0.0391649577746482,0.02140422767816143,0.014069313906622874,0.010779463820521664,0.009333435733329735,0.008857189538767525,0.009207266994044543,0.009091708932168228,0.01069110533103012,0.014116038183111898,0.021402760651476366,0.039200588520094226,0.09697751493465315,0.09791257915261901,0.039218704993626875,0.021234043793550213,0.014057314140496175,0.010811321820352271,0.009293302840489025,0.008787825516171383,0.008689050708382384,0.009212420402761212,0.01083055528858208,0.01414799708781099,0.021317461401382493,0.03898278214090409,0.09759256020867627,0.09715095766364351,0.03907782574474645,0.021340197605727657,0.014153391669117266,0.010849168678843606,0.009282690463644508,0.00911786889838749,0.008762594532766704,0.009325695511316373,0.010834934348969219,0.014136941131983868,0.021330572194350528,0.0391649577746484,0.09791257915261894,0.09816576265721023,0.039306003386883406,0.021343681745914368,0.014172272076116009,0.010803017215202562,0.010596929793284637,0.009190497406193487,0.008902675186518327,0.009357666058571218,0.010887294034429201,0.014215308162702112,0.021404227678161636,0.03921870499362684,0.09715095766364346,0.09727185168024517,0.03882800769614498,0.0213457136911524,0.014108875370203305,0.013810681855181639,0.010597495785368283,0.009271618632611611,0.008851170762064597,0.009317796376910825,0.010828015716968564,0.014069313906623415,0.021234043793550206,0.03907782574474661,0.09816576265721028,0.09732041232834113,0.03933947455239184,0.021330570459076048,0.020926905186270023,0.013807843027817263,0.010736520113114795,0.009273423938392339,0.00888210503953174,0.009332310058348892,0.010779463820521529,0.0140573141404962,0.021340197605727612,0.039306003386883434,0.09727185168024516,0.09826653392842208,0.03913602481142206,0.038809700128577596,0.020968457755185244,0.014039675918214978,0.010805519298348998,0.009373991728070241,0.008948122527789149,0.009333435733329343,0.010811321820352437,0.014153391669117055,0.0213436817459145,0.03882800769614503,0.09732041232834104,0.09730978221408865,0.09758430897310705,0.03838674701438849,0.020906455645987088,0.013918142914767562,0.010781879344015477,0.009325194866726533,0.008857189538767393,0.009293302840489043,0.010849168678843599,0.01417227207611603,0.02134571369115243,0.03933947455239205,0.0982665339284221,0.09672228539505259,0.03801641734727759,0.020755202753995672,0.013902621466502868,0.010704361767333068,0.009207266994044463,0.008787825516171396,0.009282690463644494,0.01080301721520261,0.014108875370203305,0.021330570459075986,0.03913602481142203,0.09730978221408856
28,-0.5499999999999999,0.05000000000000002,0.0,0.09650904181716868,0.038612500266831704,0.021022340543202733,0.013821658123024341,0.010501017496339062,0.009000676303539679,0.008586155729304365,0.008994613209347458,0.010437543193024115,0.013585011548284287,0.02057138773446285,0.038189702084349644,0.09657774651607831,0.09818204176146758,0.03935962856841467,0.02132120864741048,0.014053205066197845,0.010727225610521897,0.009239765307812009,0.00878177021271646,0.00919887727477276,0.010584434444665267,0.013743436561861822,0.0207587849628744,0.03776259466208473,0.09563914187833793,0.09650904181716873,0.09757233666584872,0.039068467892878406,0.02136373894295452,0.014142455696196973,0.010854501574070238,0.009348224002884924,0.008924084070997953,0.009289722347383905,0.010742732835682695,0.013999227106486097,0.020687500478642738,0.03744284408575073,0.03861250026683167,0.09818204176146755,0.09766914855531143,0.03940920448903054,0.021419589117918206,0.014163999968733819,0.010850927158904636,0.009374292113842586,0.008868159907279724,0.009287935543113548,0.010801968418785987,0.01382416475717034,0.02042646631461925,0.02102234054320272,0.039359628568414684,0.09757233666584883,0.09825630545859355,0.03921317355806424,0.021329740062247513,0.014149602831851332,0.010901046419314726,0.00933300584500858,0.008898025928156425,0.009382629698409733,0.010737001529733194,0.013687009417319217,0.013821658123024307,0.021321208647410515,0.039068467892878406,0.09766914855531142,0.09698781388113145,0.03899299683634492,0.02134131376250608,0.014227286547451574,0.010841861210972352,0.009348223285393028,0.00896174959412318,0.009303623970127864,0.010547995015964672,0.010501017496339068,0.014053205066197914,0.02136373894295459,0.039409204489030625,0.09825630545859379,0.0976016287822462,0.0391746291388233,0.021415212181441254,0.01408238603098888,0.010795343576915565,0.009349767130493089,0.008848350138674192,0.009083630990519283,0.009000676303539637,0.01072722561052189,0.014142455696196973,0.02141958911791822,0.039213173558064196,0.09698781388113148,0.09792191365578305,0.03922946797364266,0.021247149551079307,0.014073890575066472,0.010830338390307306,0.009293130350068284,0.008681776788032839,0.008586155729304351,0.00923976530781203,0.010854501574070252,0.01416399996873384,0.021329740062247554,0.038992996836344954,0.0976016287822464,0.09716227764912935,0.03909189709718129,0.021358611867995078,0.014176279271324595,0.010856995661677114,0.009185013545807391,0.008994613209347413,0.008781770212716478,0.009348224002884944,0.010850927158904622,0.014149602831851335,0.02134131376250606,0.03917462913882344,0.09792191365578296,0.09818187477369808,0.03932777719244214,0.021372634564294772,0.014190032008021755,0.010708492384805743,0.010437543193024035,0.009198877274772782,0.008924084070998012,0.009374292113842553,0.01090104641931472,0.01422728654745159,0.02141521218144149,0.03922946797364263,0.09716227764912938,0.0972996595139874,0.038867414177802914,0.021379251432678326,0.01401437780104263,0.013585011548284065,0.010584434444665392,0.0092897223473839,0.008868159907279738,0.009333005845008624,0.01084186121097247,0.014082386030989325,0.021247149551079147,0.039091897097181416,0.09818187477369822,0.09737922441390068,0.03940374200296831,0.021240490782866828,0.02057138773446307,0.013743436561861722,0.010742732835682695,0.009287935543113496,0.008898025928156403,0.009348223285393031,0.010795343576915459,0.014073890575066486,0.021358611867995078,0.03932777719244217,0.09729965951398743,0.09839844537796585,0.03907537420132623,0.03818970208434991,0.020758784962874255,0.013999227106486045,0.01080196841878589,0.00938262969840975,0.008961749594123214,0.009349767130492737,0.010830338390307337,0.014176279271324588,0.02137263456429478,0.03886741417780293,0.09737922441390076,0.0974001085524262,0.09657774651607837,0.03776259466208476,0.020687500478642706,0.013824164757170354,0.01073700152973317,0.00930362397012785,0.008848350138674091,0.009293130350068304,0.01085699566167711,0.014190032008021797,0.021379251432678353,0.03940374200296837,0.09839844537796576,0.09563914187833794,0.037442844085750715,0.020426466314619265,0.013687009417319151,0.010547995015964637,0.009083630990519204,0.008681776788032863,0.009185013545807391,0.010708492384805784,0.014014377801042657,0.021240490782866772,0.03907537420132637,0.09740010855242646
29,-0.5499999999999999,1.3877787807814457e-17,0.0,0.0969282386542073,0.038895883639899875,0.02120921137398482,0.013951623200517974,0.010597475592132366,0.009076894246699031,0.008648986891253603,0.009045981642577416,0.010474570762641737,0.013592002446958953,0.02050160334854017,0.037894350997824955,0.09578087992823012,0.09808619957163917,0.03933847259889944,0.021326072981403946,0.014068111475719833,0.01074739840062601,0.009264238739150402,0.00881098789285029,0.00923448248395074,0.010628355394516968,0.013795998263131699,0.020806544089679677,0.03779985232289984,0.09648978528633365,0.09692823865420717,0.0975245605970814,0.03904268384989745,0.021348664961927458,0.014133255357762602,0.01084903831673005,0.009345639897852073,0.008924215779396871,0.00929287352410454,0.010748431400313795,0.014000595659613306,0.020673189022010503,0.03777875987828498,0.03889588363989986,0.09808619957163921,0.0976512797914675,0.03939727701836114,0.021410998127107776,0.0141574500084976,0.010845796209935771,0.009370258181862186,0.008865073493306466,0.009284846025566076,0.010792925817252559,0.013790508321733064,0.020519894128873024,0.02120921137398475,0.0393384725988995,0.09752456059708137,0.09824834631163744,0.03920721341984214,0.021325008197188994,0.01414571429647175,0.010897779142749295,0.009330227794255082,0.008894991796598308,0.009374756727674967,0.010705861407370782,0.013698034596040527,0.013951623200517953,0.021326072981404015,0.039042683849897494,0.09765127979146755,0.09698374965707411,0.03898976772559861,0.021338685083187158,0.014225137496681866,0.010840149667521136,0.009346480292575695,0.008956522598204675,0.009278094158656248,0.010527511878591987,0.010597475592132408,0.014068111475719888,0.02134866496192754,0.039397277018361196,0.09824834631163745,0.09759941046892198,0.03917290891479424,0.021413947361500027,0.014081626833349164,0.010794867113355377,0.009346969689928455,0.008827818518927617,0.009049054773917316,0.009076894246699017,0.010747398400625996,0.014133255357762595,0.02141099812710774,0.03920721341984211,0.09698374965707415,0.09792084906335566,0.03922889797145349,0.021247221393851826,0.014074614885394736,0.010829775605251162,0.009276562326991901,0.008637649033495582,0.008648986891253582,0.009264238739150443,0.010849038316730064,0.014157450008497607,0.021325008197188966,0.038989767725598645,0.09759941046892229,0.0971623633396626,0.03909285090633656,0.021360724482136967,0.014178265450855385,0.010844134818758323,0.009130680565833257,0.009045981642577375,0.0088109878928503,0.009345639897852087,0.010845796209935782,0.014145714296471767,0.021338685083187175,0.039172908914794385,0.09792084906335563,0.09818398074679656,0.0393318392976967,0.021378280630435086,0.014182136556690268,0.010640573393292961,0.010474570762641688,0.009234482483950729,0.008924215779396866,0.00937025818186224,0.010897779142749281,0.014225137496681917,0.021413947361500207,0.03922889797145346,0.0971623633396626,0.09730697355282403,0.038879448255810245,0.021380467760237803,0.013925486293710987,0.013592002446958684,0.010628355394517008,0.009292873524104683,0.008865073493306508,0.00933022779425513,0.01084014966752117,0.014081626833349514,0.021247221393851712,0.03909285090633663,0.09818398074679657,0.0974047172454239,0.03942737045538208,0.021117710518262223,0.020501603348540287,0.013795998263131687,0.010748431400313785,0.009284846025566007,0.008894991796598292,0.009346480292575662,0.010794867113355297,0.01407461488539477,0.021360724482136953,0.039331839297696736,0.09730697355282407,0.09848370106103177,0.03889786036681839,0.03789435099782529,0.020806544089679524,0.014000595659613313,0.010792925817252497,0.00937475672767496,0.008956522598204508,0.009346969689928153,0.010829775605251224,0.014178265450855432,0.02137828063043512,0.038879448255810356,0.09740471724542402,0.09715503163232153,0.0957808799282305,0.03779985232289981,0.020673189022010485,0.013790508321733064,0.010705861407370731,0.009278094158656242,0.008827818518927513,0.00927656232699195,0.010844134818758289,0.014182136556690303,0.021380467760237873,0.03942737045538221,0.0984837010610317,0.09648978528633365,0.03777875987828497,0.020519894128873006,0.013698034596040548,0.010527511878591939,0.009049054773917264,0.008637649033495634,0.009130680565833257,0.010640573393292996,0.01392548629371096,0.021117710518262132,0.03889786036681839,0.09715503163232153
30,-0.5499999999999999,-0.04999999999999999,0.0,0.09712728832539111,0.039049641599888565,0.02132027013879792,0.01403459007453653,0.010662916462448623,0.009131798618923694,0.008697519499092442,0.009089907950004684,0.010513781777239804,0.013621191867354018,0.020506042306373637,0.037843855345233525,0.09573566335681265,0.09807912187189854,0.039350740007677604,0.02134383093452273,0.014087230712766852,0.010767217658682805,0.009285116497909286,0.008833386458019336,0.009258888776354949,0.010653722576629734,0.013816603545601307,0.02080089213743841,0.03774781422311508,0.09658991807568709,0.09712728832539114,0.09751502848907387,0.03903988405913303,0.021349097067807347,0.014135557346272143,0.01085272377133139,0.009350528861633827,0.008930174075501434,0.009298938861816115,0.01075026027849824,0.013980631157521267,0.02059671518268616,0.037818289517450476,0.03904964159988858,0.09807912187189854,0.09764854033367945,0.03939642438548692,0.021411310222163193,0.014158641761407603,0.010847755508076373,0.009372885670672805,0.008867732499079198,0.009284466470153721,0.01077588818407833,0.013720395025720377,0.0204994936571634,0.02132027013879792,0.03935074000767765,0.0975150284890739,0.09824814109219518,0.039207742708046806,0.021326154600214295,0.014147464231756262,0.010900143055120303,0.009332871193391943,0.008895812277753878,0.009363142137288694,0.01064774125228995,0.013655629116009739,0.01403459007453655,0.02134383093452271,0.039039884059133056,0.09764854033367948,0.09698467506346074,0.038991187375033425,0.02134065514928495,0.014227759428580972,0.010843312443378106,0.009348750292412328,0.00894933377406609,0.009229688285610393,0.010476687450254124,0.010662916462448685,0.014087230712766914,0.02134909706780743,0.03939642438548703,0.09824814109219528,0.09760112774028984,0.039175178503899774,0.021416945293669432,0.014085414103219687,0.010798483071518119,0.009343178743983181,0.00878609324571342,0.008993691823333778,0.0091317986189237,0.010767217658682798,0.014135557346272136,0.02141131022216318,0.03920774270804678,0.09698467506346078,0.09792352788495054,0.039232434053186466,0.021251838419316497,0.014079728521630384,0.010828936425321123,0.009238687601148068,0.008576649899019278,0.008697519499092449,0.009285116497909307,0.010852723771331396,0.014158641761407645,0.02132615460021428,0.03899118737503347,0.09760112774029014,0.09716672695791367,0.039098711386673,0.021367884116171423,0.014180719600670251,0.01080808007681091,0.009060384812697185,0.009089907950004666,0.008833386458019343,0.009350528861633844,0.010847755508076387,0.014147464231756252,0.021340655149284973,0.0391751785038999,0.09792352788495051,0.09819175894586363,0.039342101869385145,0.0213854015908371,0.014147110096156504,0.01055547139983272,0.010513781777239814,0.009258888776355029,0.008930174075501424,0.00937288567067282,0.01090014305512027,0.01422775942858101,0.021416945293669637,0.03923243405318644,0.0971667269579137,0.09732246497686833,0.038894548586052034,0.02134716683566351,0.013815859404179676,0.013621191867353999,0.010653722576629832,0.009298938861816153,0.00886773249907924,0.00933287119339199,0.010843312443378217,0.014085414103220173,0.021251838419316438,0.039098711386673035,0.0981917589458634,0.09743589150425863,0.03940253662475962,0.02096789760160761,0.020506042306373595,0.013816603545601297,0.010750260278498236,0.009284466470153713,0.008895812277753865,0.00934875029241232,0.010798483071517984,0.014079728521630419,0.02136788411617141,0.039342101869385165,0.0973224649768683,0.09849118038108998,0.03868631927986746,0.03784385534523349,0.020800892137438354,0.01398063115752124,0.010775888184078208,0.009363142137288893,0.008949333774066037,0.009343178743982827,0.010828936425321234,0.014180719600670133,0.021385401590837155,0.03889454858605207,0.09743589150425852,0.09689882255283572,0.09573566335681277,0.03774781422311507,0.02059671518268613,0.013720395025720367,0.010647741252289955,0.009229688285610382,0.00878609324571325,0.009238687601148127,0.010808080076810903,0.014147110096156573,0.02134716683566351,0.03940253662475964,0.09849118038109,0.09658991807568706,0.03781828951745042,0.02049949365716343,0.013655629116009774,0.010476687450254069,0.008993691823333691,0.008576649899019309,0.009060384812697171,0.010555471399832712,0.013815859404179724,0.020967897601607534,0.03868631927986742,0.09689882255283579
31,-0.5499999999999999,-0.09999999999999999,0.0,0.09712392025574224,0.039113993595227506,0.02138937489170259,0.014097906187073142,0.010720394370812174,0.00918607809672091,0.0087512844695024,0.009144846953450123,0.010570490099088264,0.013673635698147928,0.02052631867411471,0.037716977715139155,0.09536831766113152,0.09799325608232168,0.039315756652901435,0.02133025768615085,0.014084017572102134,0.010770330575895416,0.009293475519046947,0.008847504877449442,0.009280944460460232,0.010688168775986644,0.013870079815197963,0.020873354210337425,0.037876521262727295,0.09756872044837486,0.09712392025574212,0.09748510784548198,0.03902190630475147,0.021337444291224528,0.014127673670732747,0.010847515729829844,0.009347790829421374,0.008930457038614283,0.009304078046616995,0.01076342355583724,0.014001633139808865,0.020618126330967008,0.038232443675245566,0.03911399359522749,0.09799325608232184,0.09763622400989369,0.03938759749007331,0.021404560311545404,0.014153273047746384,0.010843546174198075,0.00936998017761317,0.008866970646779857,0.009287318502270974,0.010780821704454248,0.013705765793524328,0.02067284871658999,0.02138937489170252,0.039315756652901414,0.09748510784548196,0.09824188427832925,0.03920277204093595,0.021322023191035773,0.014144017143113873,0.010897451009747485,0.009331474370320926,0.008896673469547044,0.00936471638392485,0.010625676739165271,0.013732976736508251,0.014097906187073156,0.021330257686150864,0.03902190630475147,0.09763622400989375,0.09698099004277123,0.0389880879531455,0.02133804542232967,0.014225713456556101,0.010842283500469629,0.009349572298474312,0.008950762645060506,0.009207127691934295,0.010508996866126157,0.01072039437081223,0.01408401757210219,0.02133744429122457,0.03938759749007334,0.09824188427832939,0.09759875534612211,0.0391732178879723,0.021415496820697762,0.014084930558582311,0.010799828585205607,0.00934547447989402,0.008764518004377888,0.009001273424822178,0.009186078096720889,0.01077033057589541,0.014127673670732754,0.021404560311545376,0.039202772040935904,0.09698099004277125,0.09792205961569145,0.03923150717822722,0.02125196639793807,0.014081927572771631,0.010832739965628557,0.009217851514575902,0.008566624236617425,0.008751284469502393,0.009293475519046954,0.010847515729829865,0.014153273047746398,0.021322023191035752,0.038988087953145595,0.09759875534612245,0.09716635387332485,0.039099638170895804,0.02137144283760558,0.014187025059595439,0.010787590622627612,0.009032865188404675,0.009144846953450081,0.008847504877449439,0.009347790829421401,0.010843546174198054,0.01414401714311396,0.0213380454223297,0.0391732178879724,0.09792205961569134,0.09819393124240058,0.03934798138291657,0.021396143226386687,0.014127404479394527,0.010504868558923186,0.010570490099088253,0.009280944460460294,0.008930457038614253,0.009369980177613174,0.010897451009747483,0.014225713456556155,0.02141549682069796,0.039231507178227154,0.09716635387332487,0.09733275394810584,0.038914060499365855,0.021330726402625858,0.013727306938477471,0.013673635698147946,0.010688168775986773,0.009304078046616981,0.008866970646779826,0.009331474370320891,0.010842283500469674,0.014084930558582676,0.021251966397938027,0.039099638170895956,0.0981939312424005,0.09747547472003071,0.03940065937236947,0.020805088280284878,0.020526318674114752,0.013870079815197917,0.01076342355583726,0.009287318502270964,0.008896673469547062,0.00934957229847426,0.010799828585205534,0.014081927572771644,0.021371442837605586,0.03934798138291658,0.09733275394810582,0.09854607384255071,0.03836514378288469,0.03771697771513938,0.020873354210337425,0.014001633139808733,0.010780821704454324,0.009364716383924832,0.008950762645060395,0.009345474479893812,0.010832739965628613,0.014187025059595404,0.02139614322638675,0.03891406049936577,0.09747547472003071,0.09624799424600539,0.09536831766113163,0.03787652126272728,0.020618126330966963,0.013705765793524338,0.010625676739165285,0.009207127691934297,0.008764518004377747,0.009217851514575937,0.010787590622627602,0.014127404479394576,0.021330726402625885,0.03940065937236953,0.09854607384255065,0.09756872044837483,0.038232443675245587,0.02067284871658999,0.013732976736508237,0.010508996866126122,0.009001273424822112,0.008566624236617457,0.00903286518840464,0.01050486855892322,0.013727306938477485,0.020805088280284795,0.03836514378288468,0.09624799424600561
32,-0.49999999999999994,-0.09999999999999999,0.0,0.0968723771634386,0.03904164996081108,0.021376782727619087,0.014110370626058688,0.010746433751240195,0.009223622009212104,0.008803407075738463,0.009219725121254976,0.010687090665544342,0.01387944198476573,0.020947926172231162,0.038733434231327496,0.0975253660678476,0.09787868692701387,0.039248893095019596,0.021286561219141673,0.014052783087658616,0.010746485851818567,0.00927483961157928,0.00883417803076,0.009276053856556377,0.010704085163930975,0.013947763569073023,0.021173669953339025,0.038868842282143934,0.09812461346297315,0.09687237716343855,0.0974404022981191,0.03898972090639871,0.021311970213236914,0.014105663007148952,0.010826981027681398,0.009327568716814647,0.00890986672015542,0.009284569968547282,0.010754590830735681,0.014060653410739664,0.020999976525558937,0.03867827987442249,0.03904164996081108,0.09787868692701397,0.0976153429936245,0.03937048945383474,0.02138922110643989,0.014138308776780066,0.010827882255867265,0.00935240767254868,0.008846456355408172,0.009264835798667976,0.010778553023812275,0.013872639507136054,0.020978431261729956,0.021376782727618997,0.039248893095019624,0.09744040229811911,0.09822949403191711,0.03919142556902815,0.021310683064031978,0.014131775545467466,0.010883101559315893,0.009313383895020101,0.008873139704587765,0.00934478782911126,0.01070891096468845,0.01395927145465932,0.014110370626058674,0.02128656121914168,0.03898972090639871,0.09761534299362457,0.09697188678208511,0.038978837016609494,0.021327855025701174,0.014213439950781956,0.010826126175803863,0.009326793647120054,0.008924442700326144,0.009251345736625472,0.010691283160469193,0.01074643375124025,0.014052783087658713,0.02131197021323701,0.03937048945383484,0.09822949403191722,0.09759059594846617,0.03916409510647856,0.021404298376758564,0.014069762619343647,0.010777389411656685,0.009315598231818541,0.008787612510640204,0.009160452256858072,0.00922362200921207,0.010746485851818595,0.014105663007148932,0.021389221106439857,0.039191425569028146,0.09697188678208504,0.09791317183025723,0.03922043073421207,0.02123663657362142,0.014058455118087563,0.010798578210655446,0.009226715951358523,0.0087181091764718,0.008803407075738463,0.009274839611579301,0.010826981027681398,0.014138308776780087,0.021310683064031985,0.03897883701660951,0.09759059594846636,0.0971544078693272,0.039082805186838016,0.021344950825190424,0.014145816949580205,0.010783296353140893,0.009189972586432775,0.009219725121254962,0.008834178030760018,0.009327568716814616,0.010827882255867324,0.01413177554546742,0.02132785502570117,0.039164095106478725,0.09791317183025719,0.09817386906179194,0.03931564708293185,0.02134295405062381,0.014105967043259872,0.010681095374851436,0.01068709066554431,0.00927605385655636,0.00890986672015548,0.009352407672548663,0.010883101559315878,0.014213439950781948,0.021404298376758835,0.03922043073421197,0.09715440786932728,0.09728925340458952,0.038838685569130726,0.021279566305768008,0.013943191859922918,0.01387944198476554,0.01070408516393112,0.009284569968547318,0.008846456355408205,0.009313383895020011,0.010826126175803863,0.014069762619344062,0.021236636573621348,0.0390828051868381,0.09817386906179171,0.09735454256336049,0.039283057786570263,0.021095031674934484,0.02094792617223118,0.013947763569072957,0.010754590830735683,0.009264835798667964,0.008873139704587807,0.009326793647119996,0.010777389411656582,0.014058455118087579,0.021344950825190417,0.03931564708293188,0.09728925340458948,0.09825380964280372,0.03879019959937824,0.03873343423132758,0.021173669953338914,0.014060653410739699,0.010778553023812254,0.0093447878291113,0.008924442700326163,0.009315598231818156,0.01079857821065544,0.014145816949580226,0.021342954050623836,0.03883868556913081,0.0973545425633604,0.09683684595814918,0.09752536606784765,0.03886884228214385,0.020999976525559017,0.013872639507136075,0.010708910964688428,0.009251345736625505,0.00878761251064003,0.00922671595135853,0.010783296353140862,0.014105967043259907,0.021279566305768036,0.039283057786570166,0.09825380964280384,0.09812461346297308,0.038678279874422516,0.02097843126173002,0.013959271454659306,0.01069128316046919,0.009160452256857993,0.008718109176471811,0.009189972586432761,0.010681095374851513,0.013943191859922925,0.021095031674934487,0.03879019959937815,0.09683684595814915
33,-0.44999999999999996,-0.09999999999999999,0.0,0.09690354341184193,0.039054654535582364,0.021378359014319212,0.014105051227882553,0.010736502186279258,0.009209589668097352,0.008784581322568041,0.009194584098071723,0.010652939295194546,0.013833318531052729,0.020892476577898812,0.03870675125685301,0.09762042377368671,0.09789336987774477,0.03925622123463299,0.021288549888730496,0.014050778415114304,0.010740852333720033,0.009264971972134273,0.008818465473401933,0.009251151715135155,0.01066362969005381,0.013882399942950452,0.021086067483176006,0.038860976783258575,0.09827870302089282,0.09690354341184186,0.09745430892067725,0.038999259496849126,0.02131830870538466,0.014109426704622868,0.010828139549263878,0.00932529712993066,0.008902040370952883,0.00926605546051195,0.010715015577296157,0.013986752651789572,0.020940977911264893,0.0387453503296478,0.03905465453558232,0.09789336987774475,0.09762582381044976,0.03937886304100857,0.02139605788733053,0.014143817787893219,0.01083175476996192,0.009353527098252953,0.008841445455255389,0.009245576925298336,0.010729554154711838,0.01381311961154445,0.020997278297771753,0.02137835901431915,0.03925622123463294,0.09745430892067727,0.09823774030316915,0.039198796839932784,0.021317461161110267,0.014137911750817876,0.010888052030366422,0.009314934661399748,0.008865101077279244,0.009312598111618546,0.010657898280400842,0.013958366886734831,0.014105051227882574,0.021288549888730517,0.038999259496849153,0.09762582381044979,0.09697914195428478,0.03898594153341235,0.02133490337799444,0.014220228839953974,0.010831187316890707,0.009325283728677292,0.008903010953220268,0.009208154921333386,0.010681650800881706,0.010736502186279286,0.01405077841511438,0.021318308705384717,0.039378863041008655,0.09823774030316929,0.09759782674150416,0.03917165917637002,0.021412216958156136,0.014077066092103095,0.01078013761448364,0.009301287050408762,0.008750101547952506,0.009146445840757186,0.009209589668097318,0.010740852333720026,0.014109426704622861,0.02139605788733054,0.03919879683993274,0.09697914195428481,0.09792139577861403,0.03922952768239635,0.02124601010407242,0.014064751475505895,0.010789492067359735,0.009192605923215885,0.008700955761006983,0.00878458132256802,0.0092649719721343,0.010828139549263899,0.014143817787893226,0.02131746116111033,0.03898594153341242,0.09759782674150441,0.09716514381894192,0.03909474566078754,0.021355156157029258,0.01414149644861828,0.01075093334268282,0.00916960574036127,0.009194584098071668,0.00881846547340194,0.009325297129930646,0.010831754769961927,0.01413791175081791,0.02133490337799443,0.03917165917637022,0.097921395778614,0.09818932807508188,0.03933098284070624,0.021344321496096056,0.01407481968029315,0.010657178345392489,0.010652939295194452,0.009251151715135186,0.00890204037095288,0.00935352709825299,0.010888052030366385,0.014220228839954024,0.021412216958156344,0.0392295276823964,0.09716514381894187,0.09731220508556955,0.038848513318312725,0.02125049183118094,0.013915628457273788,0.013833318531052685,0.010663629690053855,0.009266055460512068,0.008841445455255337,0.00931493466139982,0.010831187316890811,0.014077066092103463,0.021246010104072288,0.03909474566078769,0.09818932807508185,0.0973793052502741,0.039262252936732245,0.02106749822941878,0.02089247657789889,0.01388239994295043,0.010715015577296205,0.009245576925298288,0.008865101077279267,0.009325283728677233,0.010780137614483515,0.014064751475505927,0.021355156157029223,0.03933098284070627,0.09731220508556956,0.09826075197613945,0.038780335851621134,0.038706751256853134,0.02108606748317593,0.013986752651789558,0.010729554154711829,0.009312598111618553,0.008903010953220158,0.009301287050408502,0.010789492067359796,0.01414149644861823,0.02134432149609608,0.03884851331831274,0.0973793052502739,0.0969001644160758,0.09762042377368668,0.03886097678325856,0.020940977911264924,0.013813119611544439,0.01065789828040084,0.009208154921333367,0.00875010154795236,0.009192605923215913,0.010750933342682761,0.014074819680293171,0.02125049183118094,0.03926225293673235,0.09826075197613954,0.09827870302089273,0.03874535032964779,0.020997278297771746,0.013958366886734866,0.010681650800881709,0.009146445840757106,0.008700955761007018,0.009169605740361242,0.01065717834539251,0.013915628457273753,0.02106749822941888,0.03878033585162115,0.09690016441607582
34,-0.39999999999999997,-0.09999999999999999,0.0,0.09690093901190899,0.03906614739802079,0.02138946865806858,0.014113342463199688,0.010742059035242328,0.009212908306371372,0.008786063230569172,0.00919481014402257,0.010653639136615274,0.013841157700869019,0.02093015784042293,0.03883868116463446,0.09785575153561407,0.0978892742887662,0.039254688663967474,0.021286451725620603,0.01404711878895052,0.010735055467425307,0.009256246675935782,0.008805699601119408,0.009232813253497892,0.01063909323504686,0.013858768163957279,0.021105732210925612,0.03900692454468857,0.09836998352540686,0.09690093901190881,0.09745673057551549,0.03900055134922421,0.021317975708680555,0.01410712947125635,0.010823218742521727,0.009316557592474926,0.008887353237104493,0.009242116752740037,0.01068008253590865,0.013958214738479493,0.02098898609808356,0.03883335800348083,0.039066147398020785,0.09788927428876622,0.09762951232571238,0.03938130274733079,0.021397114682091378,0.014143109432395877,0.010828420850660467,0.009345849891610745,0.008826090805436818,0.009218325827650501,0.010695440612943582,0.013819683435996401,0.02105316810975881,0.02138946865806851,0.039254688663967516,0.09745673057551554,0.09824122409108699,0.03920143464546005,0.021319041415720358,0.014137850742453356,0.010885077592410303,0.0093062054295006,0.008846034526642052,0.009282814081381797,0.010649856554926384,0.013993520442474126,0.01411334246319966,0.02128645172562063,0.03900055134922424,0.09762951232571232,0.09698248225398512,0.03898874969483341,0.021336791976996318,0.014220273426834115,0.01082703885007985,0.00931253355296874,0.008878635342857849,0.009195002810266712,0.010704658690820695,0.010742059035242363,0.014047118788950617,0.021317975708680617,0.0393813027473309,0.09824122409108717,0.09760135477644258,0.03917480819127236,0.021414322651764274,0.014076178270544302,0.010772102988345045,0.009281581845379375,0.008735318217978096,0.009162426521959786,0.009212908306371365,0.010735055467425307,0.014107129471256329,0.021397114682091364,0.039201434645460054,0.09698248225398512,0.09792559122108646,0.03923334567647072,0.021247801745524177,0.014060516120842966,0.010773500556723518,0.009177142065671443,0.008712918066143657,0.008786063230569144,0.009256246675935796,0.01082321874252172,0.014143109432395898,0.02131904141572037,0.03898874969483339,0.09760135477644277,0.09717073142714411,0.03909924417094224,0.02135460495666203,0.014128842147469414,0.010734994882825179,0.00917950130070571,0.009194810144022542,0.008805699601119404,0.00931655759247492,0.01082842085066045,0.014137850742453384,0.02133679197699634,0.03917480819127253,0.09792559122108638,0.09819696248282042,0.039334728425828684,0.0213355145754366,0.014058721172903736,0.010666813364679915,0.010653639136615212,0.009232813253497923,0.008887353237104462,0.009345849891610775,0.01088507759241028,0.014220273426834157,0.021414322651764517,0.03923334567647069,0.09717073142714411,0.09732158109923102,0.03884498663137126,0.021234778545180966,0.013927946632071198,0.013841157700868856,0.01063909323504697,0.00924211675274006,0.008826090805436893,0.009306205429500669,0.010827038850079962,0.014076178270544637,0.021247801745524042,0.03909924417094246,0.09819696248282023,0.09738375715595407,0.039248043961624235,0.021089210818061643,0.02093015784042304,0.013858768163957258,0.010680082535908658,0.009218325827650448,0.008846034526642066,0.009312533552968738,0.01077210298834494,0.014060516120842984,0.02135460495666204,0.039334728425828705,0.097321581099231,0.09824419299784332,0.03882536184136445,0.038838681164634736,0.021105732210925487,0.013958214738479358,0.01069544061294364,0.009282814081381874,0.008878635342857821,0.009281581845379139,0.010773500556723492,0.014128842147469345,0.021335514575436754,0.03884498663137129,0.09738375715595408,0.09697491426130755,0.09785575153561415,0.03900692454468857,0.02098898609808353,0.01381968343599635,0.010649856554926368,0.009195002810266695,0.008735318217977961,0.009177142065671468,0.010734994882825144,0.014058721172903785,0.021234778545180952,0.039248043961624186,0.09824419299784351,0.09836998352540688,0.038833358003480783,0.021053168109758783,0.013993520442474136,0.010704658690820712,0.009162426521959699,0.008712918066143716,0.009179501300705703,0.010666813364679957,0.01392794663207119,0.021089210818061664,0.0388253618413644,0.09697491426130761
35,-0.35,-0.09999999999999999,0.0,0.0968663235301116,0.03904844230041851,0.021378026120612334,0.014105150860965698,0.010736137193758953,0.009209065015386146,0.008784876845407914,0.009198131168676585,0.01066597716596104,0.013874398976485564,0.0210117282181358,0.03901092330028509,0.0980270989217838,0.09786975173827697,0.03924016294301033,0.02127418912835974,0.014035909583173196,0.010724131521733758,0.009245106796344757,0.008794328778560182,0.00922214213903887,0.010633953981933881,0.013875297574744387,0.021187039858076115,0.03916154668616672,0.09840503274482988,0.09686632353011153,0.09745171456591445,0.038996187109804153,0.02131343986559931,0.014101899483688063,0.010816765330681759,0.009308316223825976,0.008876731192257225,0.009229591319500557,0.010671562803110653,0.013979602538137518,0.02107266234300196,0.038883509710348596,0.03904844230041843,0.09786975173827697,0.09762996430387146,0.039381342642481415,0.021396410294341014,0.01414128512509838,0.010824913301968438,0.00933977969597435,0.008816440259063075,0.009206269373369469,0.010695038060067582,0.013861891121118974,0.02109093907550899,0.021378026120612334,0.03924016294301035,0.09745171456591442,0.09824311341905077,0.03920276850095479,0.021319550288651123,0.01413706109106989,0.010882150279873489,0.009299725940913084,0.00883525055088012,0.009275543324597745,0.010672670845658417,0.014021863893723948,0.014105150860965691,0.02127418912835976,0.03899618710980418,0.09762996430387139,0.09698461927239685,0.03899033197760856,0.021337428746930554,0.014219223115335494,0.010822825255541367,0.009303552813991233,0.008869246739914457,0.00920828265703146,0.010727728133193216,0.010736137193758995,0.014035909583173294,0.021313439865599366,0.039381342642481526,0.09824311341905112,0.09760338863893622,0.03917617610345825,0.021414372033698774,0.014073460625633551,0.01076457974533564,0.009271553795780157,0.008743702527181405,0.00918320869344819,0.009209065015386105,0.010724131521733772,0.014101899483688056,0.021396410294341042,0.03920276850095478,0.09698461927239685,0.09792737184608202,0.039234090658576914,0.02124607250403779,0.01405392544854526,0.010762933639675995,0.009182834217238936,0.00873384646881134,0.008784876845407873,0.00924510679634477,0.010816765330681752,0.014141285125098435,0.021319550288651123,0.038990331977608594,0.0976033886389365,0.09717194219504482,0.03909817734770756,0.021348454816824507,0.014117270102632829,0.010739024967379933,0.009203043543211185,0.009198131168676543,0.00879432877856022,0.009308316223825969,0.010824913301968386,0.014137061091069922,0.02133742874693058,0.03917617610345839,0.09792737184608202,0.0981962243542229,0.039328465565617116,0.0213220411591471,0.014061362587634796,0.010696048486284956,0.010665977165960988,0.009222142139038908,0.008876731192257209,0.009339779695974354,0.010882150279873548,0.014219223115335466,0.02141437203369903,0.03923409065857686,0.0971719421950448,0.09731407210185776,0.0388275555859673,0.02123531185717205,0.01396801621352406,0.013874398976485403,0.010633953981933952,0.00922959131950063,0.00881644025906303,0.009299725940913217,0.010822825255541457,0.014073460625633971,0.021246072504037705,0.03909817734770771,0.09819622435422265,0.09735716173559178,0.03924242607553641,0.021149025373932095,0.021011728218135878,0.013875297574744289,0.010671562803110685,0.009206269373369463,0.008835250550880108,0.0093035528139912,0.010764579745335498,0.014053925448545293,0.021348454816824514,0.039328465565617164,0.0973140721018578,0.09821629471827986,0.0389158283472697,0.03901092330028538,0.021187039858076018,0.013979602538137514,0.010695038060067552,0.00927554332459768,0.008869246739914405,0.00927155379577993,0.010762933639676009,0.014117270102632862,0.021322041159147126,0.038827555585967344,0.09735716173559184,0.0970689313365024,0.09802709892178402,0.039161546686166726,0.021072662343001924,0.013861891121119047,0.010672670845658344,0.009208282657031497,0.008743702527181277,0.009182834217238964,0.010739024967379912,0.014061362587634837,0.021235311857172076,0.039242426075536456,0.0982162947182798,0.09840503274482978,0.038883509710348624,0.02109093907550895,0.014021863893723938,0.010727728133193226,0.009183208693448117,0.008733846468811354,0.009203043543211165,0.010696048486284977,0.013968016213524073,0.02114902537393207,0.03891582834726966,0.09706893133650266
36,-0.3,-0.09999999999999999,0.0,0.09689012481083906,0.03907444820793017,0.021397868062246916,0.014117742007564535,0.010742338932207482,0.00920983350710071,0.008780730710865985,0.009189681790572418,0.010654819399411649,0.013865724416707026,0.02101626676896258,0.039036761224635896,0.09804262777234476,0.09788180797558885,0.0392502857338443,0.02128039229852563,0.014037737027284593,0.010721365404596103,0.009237090800551975,0.008780086688577923,0.009200724397614282,0.010606633580482805,0.013850713840208605,0.021187285105379233,0.03919858895375611,0.09843661854628512,0.0968901248108391,0.0974598863665965,0.03900176434528593,0.021315854608480615,0.01410066037948677,0.010810887802936493,0.009296189867341334,0.00885607533338049,0.009198603229498604,0.01063400803866834,0.01395579982560885,0.021092173724503706,0.0389300592352279,0.03907444820793015,0.09788180797558886,0.0976370656758146,0.039386298359674804,0.02139875659284246,0.014140124894166647,0.01081862515169573,0.009325787485078134,0.008791460779476352,0.009170320651845143,0.010662324617759733,0.013862659124076238,0.021124999850229923,0.021397868062246812,0.03925028573384428,0.09745988636659655,0.0982499173522893,0.039207904226617026,0.02132227724059356,0.01413593157422845,0.01087470123601845,0.009282148953157396,0.008805399891984528,0.009242555667129896,0.010662964659164005,0.014042229478577289,0.014117742007564528,0.02128039229852565,0.03900176434528595,0.09763706567581462,0.09699153178963763,0.03899580080039408,0.02134021295809032,0.014217095861517433,0.010811874225924932,0.009280394632678587,0.008839324993686015,0.009193688339593676,0.010737817372361558,0.010742338932207524,0.014037737027284676,0.0213158546084807,0.0393862983596749,0.09824991735228941,0.09761069307522699,0.03918183545663673,0.021416420662614715,0.014068066650931188,0.01074764315640586,0.009245889363326824,0.008727582161221208,0.00918641532897575,0.00920983350710066,0.010721365404596124,0.014100660379486762,0.021398756592842433,0.03920790422661702,0.0969915317896376,0.09793538536029374,0.0392397087572169,0.021245575739878966,0.014042700781795682,0.010741829888748127,0.009167037592468869,0.008732597398616888,0.00878073071086597,0.009237090800551982,0.010810887802936528,0.014140124894166661,0.021322277240593518,0.03899580080039411,0.09761069307522716,0.09718100728316967,0.0391025996321878,0.021343216338172905,0.014101596348288031,0.010725354523675432,0.009199249166429863,0.009189681790572363,0.008780086688577937,0.009296189867341348,0.010818625151695738,0.014135931574228433,0.021340212958090354,0.03918183545663689,0.09793538536029364,0.09820598498897962,0.039330431479420586,0.02131406873895067,0.014052863564755366,0.01069221573432793,0.010654819399411555,0.009200724397614324,0.008856075333380509,0.009325787485078146,0.010874701236018497,0.014217095861517426,0.021416420662614954,0.03923970875721686,0.09718100728316972,0.09732527740708725,0.038831206800717596,0.02123700425398589,0.013968366029560739,0.013865724416707026,0.010606633580482916,0.00919860322949867,0.008791460779476401,0.009282148953157487,0.010811874225924945,0.014068066650931577,0.021245575739878897,0.03910259963218782,0.09820598498897948,0.09737838586152997,0.039262035323546496,0.02116119977509162,0.021016266768962732,0.013850713840208556,0.010634008038668347,0.009170320651845143,0.00880539989198452,0.009280394632678546,0.010747643156405737,0.014042700781795703,0.021343216338172905,0.039330431479420606,0.0973252774070873,0.09825524493946508,0.0389455775719032,0.03903676122463612,0.021187285105379206,0.013955799825608795,0.010662324617759789,0.00924255566712967,0.00883932499368606,0.009245889363326543,0.010741829888748167,0.014101596348288004,0.021314068738950753,0.038831206800717555,0.09737838586153003,0.09709415046894682,0.09804262777234476,0.039198588953756025,0.021092173724503727,0.013862659124076221,0.010662964659164026,0.009193688339593664,0.008727582161221076,0.009167037592468924,0.010725354523675429,0.014052863564755366,0.02123700425398596,0.03926203532354648,0.09825524493946496,0.09843661854628499,0.038930059235227965,0.021124999850229892,0.014042229478577292,0.010737817372361555,0.009186415328975683,0.008732597398616912,0.009199249166429842,0.010692215734327944,0.013968366029560718,0.021161199775091816,0.03894557757190331,0.09709415046894672
37,-0.25,-0.09999999999999999,0.0,0.09687962163516675,0.039069582529329364,0.021392498392234102,0.01411043536900132,0.010732997021106722,0.009198537044824859,0.008767751980747938,0.009176308088190518,0.010644671318798527,0.013869451621247265,0.02105574228321592,0.03913205755098256,0.09812760122006266,0.09787928854477665,0.03924784701678577,0.021275935199416993,0.014030528087511249,0.01071093206015497,0.00922288168778334,0.008761936221937598,0.009179680342458953,0.010588912795315299,0.013853923912109234,0.021240847850605565,0.0392842451474172,0.09845856650165109,0.09687962163516659,0.09746672204618949,0.03900612141083347,0.02131690043280439,0.01409788642088941,0.010803489595352142,0.009283126730809641,0.00883643048659497,0.009173942237920495,0.0106141155207185,0.013965148127199283,0.02113916065624303,0.03895765059067378,0.039069582529329336,0.09787928854477652,0.0976470424141595,0.03939346543833433,0.021402651731386113,0.014139975622798395,0.010813119854869404,0.00931314772927139,0.008770487064978898,0.009144904446779664,0.010649243695413837,0.013879075378121424,0.02114181086800669,0.021392498392234068,0.03924784701678577,0.09746672204618945,0.09826004330834684,0.03921570644622961,0.02132707708877147,0.014136411220532677,0.010868812455389964,0.009267299545213884,0.008781866112213604,0.009221082587143357,0.010662458748695272,0.014049381053521333,0.014110435369001292,0.021275935199417027,0.03900612141083348,0.09764704241415953,0.09700147834141476,0.03900386746937252,0.02134517574544118,0.014216889124637937,0.010803184375558899,0.009261142121583611,0.008815679725485304,0.00918407377880865,0.0107383003412208,0.010732997021106777,0.014030528087511304,0.021316900432804493,0.03939346543833443,0.09826004330834709,0.09762094612938918,0.03919020787020448,0.021420949457223705,0.014065061079842497,0.010733345051283417,0.009222839176372864,0.008713106740548949,0.009182640926955567,0.009198537044824803,0.010710932060154943,0.014097886420889424,0.021402651731386085,0.03921570644622954,0.09700147834141482,0.09794673209410205,0.03924860177905192,0.021248067275167225,0.014033559421111874,0.010720332851862644,0.009149578704383592,0.008726076246973934,0.008767751980747918,0.009222881687783374,0.010803489595352156,0.014139975622798437,0.021327077088771462,0.039003867469372566,0.09762094612938954,0.09719443370873568,0.039111086369586594,0.02133997781185505,0.014082391608622694,0.010705863938808877,0.009191188965298275,0.009176308088190449,0.008761936221937605,0.009283126730809638,0.010813119854869407,0.014136411220532635,0.02134517574544126,0.03919020787020466,0.09794673209410198,0.09822132670818293,0.03933455102490997,0.02129849254001768,0.014032498507835757,0.010684541564343043,0.010644671318798454,0.009179680342459001,0.008836430486594965,0.009313147729271443,0.010868812455390009,0.014216889124637921,0.021420949457223948,0.03924860177905182,0.0971944337087356,0.09733833989396068,0.03882082639444026,0.021217341441083254,0.013964855612363478,0.013869451621247086,0.01058891279531543,0.009173942237920507,0.008770487064978905,0.00926729954521377,0.01080318437555905,0.014065061079843011,0.02124806727516715,0.03911108636958677,0.09822132670818273,0.09737381143227392,0.039245705785254326,0.021170433661160337,0.02105574228321605,0.013853923912109128,0.010614115520718448,0.009144904446779706,0.008781866112213599,0.009261142121583577,0.010733345051283275,0.014033559421111938,0.021339977811855024,0.039334551024910014,0.09733833989396072,0.09824172166147474,0.03898004056396376,0.03913205755098276,0.021240847850605482,0.013965148127199178,0.010649243695413868,0.009221082587143381,0.008815679725485193,0.00922283917637251,0.010720332851862802,0.014082391608622624,0.021298492540017783,0.038820826394440316,0.097373811432274,0.09714664671170742,0.09812760122006303,0.03928424514741716,0.021139160656243022,0.013879075378121442,0.010662458748695341,0.009184073778808699,0.00871310674054876,0.009149578704383599,0.010705863938808902,0.014032498507835792,0.02121734144108331,0.03924570578525442,0.09824172166147471,0.09845856650165097,0.03895765059067377,0.021141810868006705,0.014049381053521354,0.01073830034122078,0.009182640926955477,0.008726076246973954,0.009191188965298261,0.010684541564343043,0.013964855612363485,0.021170433661160403,0.038980040563963744,0.09714664671170731
38,-0.2,-0.09999999999999999,0.0,0.09687558341762481,0.03907666070721305,0.02140125436781709,0.014117891047736059,0.010738849835281818,0.009203655090271413,0.008773797122625493,0.009186238580114817,0.010663468264719065,0.013903871710609663,0.021106767205406062,0.039176316294913055,0.09811586492634472,0.09786781581267942,0.0392404180052216,0.021269626850675558,0.014023980047724878,0.010703604737526157,0.009214899361983338,0.008754700303491573,0.009176795368519008,0.010598249222589626,0.01388548313732769,0.021295402926198935,0.03933191009183602,0.09846114551505697,0.09687558341762481,0.09745738519012864,0.03899829823252095,0.021308943786898245,0.014088612604680827,0.010792070752925514,0.009269572724161915,0.008822425826661784,0.009165520229796227,0.010622844629968842,0.014003264371370196,0.021195496234363835,0.03899330974554337,0.03907666070721302,0.09786781581267945,0.09764325967476153,0.03938955399820428,0.021397220869889003,0.014131770872463138,0.010801258222197688,0.00929777252950654,0.00875514588052107,0.00913929696701822,0.010668387806781365,0.013922908655727349,0.021180058209853997,0.021401254367817014,0.03924041800522164,0.09745738519012875,0.09826018816904436,0.03921453679942529,0.021323194475172426,0.014128454136918482,0.010855938688633947,0.009251076747469809,0.0087696875301355,0.009227598080859278,0.01069310572352938,0.014081513228110364,0.01411789104773608,0.02126962685067557,0.038998298232520975,0.09764325967476163,0.09700344820683329,0.03900360140316164,0.021341085211766347,0.014207523956877171,0.010788652432327668,0.009246804488700154,0.008814978912498578,0.009205159593867949,0.010763897952348892,0.01073884983528186,0.014023980047724968,0.0213089437868983,0.03938955399820432,0.09826018816904449,0.09762314319883453,0.039189235256411686,0.021415003014938427,0.014053205109976303,0.010719313092838146,0.009218835810946931,0.008728614835572175,0.009203745223527477,0.009203655090271386,0.01070360473752617,0.014088612604680813,0.021397220869889003,0.0392145367994253,0.09700344820683332,0.09794805642785287,0.03924559678478906,0.02123900352403369,0.01402091252126726,0.010715482712170973,0.009162936974369835,0.008745464278851641,0.008773797122625465,0.009214899361983372,0.010792070752925542,0.014131770872463131,0.021323194475172433,0.0390036014031617,0.0976231431988348,0.09719376811720074,0.03910463585732717,0.021329227205181447,0.014078412792049933,0.010720095384711685,0.009211981160690982,0.009186238580114761,0.008754700303491597,0.009269572724161915,0.010801258222197657,0.014128454136918489,0.021341085211766392,0.03918923525641185,0.09794805642785273,0.09821678255955221,0.03932567038810952,0.021296546647325144,0.014050364892131309,0.010710438484348592,0.01066346826471902,0.009176795368519036,0.00882242582666179,0.00929777252950656,0.010855938688633937,0.014207523956877244,0.021415003014938594,0.039245596784789005,0.09719376811720076,0.09732990840383415,0.03882050969691213,0.02124056351864155,0.01400015639095395,0.013903871710609472,0.010598249222589728,0.00916552022979622,0.008755145880521231,0.009251076747469889,0.010788652432327739,0.014053205109976763,0.021239003524033573,0.03910463585732732,0.09821678255955202,0.09737027625743525,0.03927000384536666,0.021216253820666386,0.02110676720540608,0.013885483137327626,0.010622844629968792,0.009139296967018234,0.008769687530135503,0.00924680448870012,0.010719313092838051,0.014020912521267276,0.02132922720518142,0.039325670388109524,0.09732990840383413,0.09824584723469851,0.03902170771690372,0.03917631629491308,0.02129540292619886,0.014003264371370061,0.010668387806781365,0.009227598080859323,0.008814978912498495,0.009218835810946568,0.010715482712171154,0.014078412792049966,0.02129654664732522,0.03882050969691217,0.09737027625743516,0.09713498208435406,0.09811586492634483,0.03933191009183595,0.02119549623436376,0.013922908655727345,0.010693105723529384,0.009205159593867918,0.008728614835572066,0.009162936974369873,0.010720095384711636,0.014050364892131337,0.021240563518641606,0.03927000384536678,0.09824584723469854,0.09846114551505691,0.03899330974554335,0.021180058209853997,0.014081513228110396,0.010763897952348833,0.009203745223527418,0.008745464278851672,0.009211981160690962,0.010710438484348599,0.014000156390953936,0.021216253820666338,0.0390217077169037,0.09713498208435417
39,-0.15000000000000002,-0.09999999999999999,0.0,0.09686060394001747,0.03907652930552408,0.021406889032388812,0.014124490610932378,0.010744133884382737,0.009207012464793295,0.00877565788702988,0.009188465152412083,0.010670339379332639,0.013923764820660501,0.02114855825122642,0.03923116370442147,0.09813537918322529,0.09785827471984809,0.03923711433523672,0.02126849615397254,0.014022605062199232,0.010700854564472888,0.009210521038979479,0.008749690560758468,0.00917433454406847,0.010606204667977367,0.013915598527449944,0.021350266684190933,0.03937646917556374,0.09845381377191026,0.0968606039400174,0.09745344107847845,0.03899587390107184,0.021306047981215805,0.014084023079617099,0.010785042810413425,0.009260113290298796,0.008812052628515761,0.009159910037142456,0.01063325498420286,0.014039502119484046,0.021239858558906796,0.03900926062634678,0.03907652930552399,0.09785827471984807,0.09764285692479313,0.03938859945783546,0.02139457612056203,0.014126422545446507,0.010792408476299743,0.009285398145968718,0.0087423100167396,0.00913493765253795,0.010684869356307511,0.013955546585423643,0.021202200324289395,0.021406889032388812,0.03923711433523674,0.09745344107847848,0.09826193164315201,0.039215104414098464,0.021321438631982943,0.014122995585329045,0.010845549101116285,0.009236500969464555,0.00875721683206273,0.009229712074760721,0.010713287215584691,0.014101845813812432,0.014124490610932343,0.02126849615397256,0.03899587390107184,0.09764285692479313,0.0970073704164941,0.0390060710605209,0.021340305636814286,0.014201317576616261,0.010775729805103799,0.009230784830063244,0.008807284247769309,0.00921453391339578,0.010779549396371577,0.010744133884382771,0.014022605062199323,0.021306047981215867,0.039388599457835516,0.09826193164315211,0.0976297010440077,0.03919348035579401,0.021414048142271082,0.014044005114854274,0.010702863981952422,0.009204845205687272,0.008729314254791088,0.00921414213178453,0.00920701246479328,0.010700854564472874,0.014084023079617092,0.021394576120562017,0.03921510441409841,0.09700737041649418,0.09795724538564803,0.03925036846328546,0.021234737296992753,0.014005934440465611,0.01069739386799876,0.009156695741187482,0.008751153265992986,0.008775657887029865,0.009210521038979513,0.010785042810413425,0.014126422545446535,0.021321438631982922,0.039006071060520994,0.09762970104400798,0.09720456386219624,0.03910647229637764,0.0213174905212778,0.014057967740128836,0.010708306024060688,0.009214014132049995,0.00918846515241202,0.0087496905607585,0.009260113290298785,0.010792408476299697,0.014122995585329076,0.02134030563681434,0.039193480355794175,0.09795724538564796,0.09822564309372352,0.039319322595768105,0.0212760984550026,0.014035034583125217,0.010710913558959895,0.010670339379332608,0.009174334544068491,0.008812052628515754,0.009285398145968737,0.010845549101116292,0.014201317576616357,0.02141404814227127,0.03925036846328539,0.09720456386219617,0.09733043895171588,0.038802575690236166,0.02122453087767115,0.01400295903018016,0.013923764820660267,0.010606204667977459,0.00915991003714256,0.00874231001673964,0.0092365009694646,0.010775729805103884,0.014044005114854707,0.02123473729699271,0.039106472296377814,0.0982256430937235,0.09735610379474222,0.03925665703282577,0.02122755822904676,0.021148558251226413,0.01391559852744989,0.010633254984202839,0.00913493765253795,0.008757216832062764,0.009230784830063204,0.01070286398195229,0.01400593444046562,0.021317490521277807,0.03931932259576811,0.09733043895171584,0.09823349409443,0.03904443004937261,0.0392311637044217,0.021350266684190822,0.014039502119484015,0.010684869356307525,0.009229712074760754,0.00880728424776922,0.009204845205686984,0.010697393867998728,0.014057967740128907,0.021276098455002584,0.03880257569023621,0.09735610379474226,0.09715206456642134,0.0981353791832254,0.0393764691755637,0.021239858558906782,0.013955546585423667,0.010713287215584733,0.009214533913395717,0.008729314254790954,0.009156695741187534,0.010708306024060657,0.014035034583125258,0.021224530877671274,0.039256657032825826,0.09823349409442994,0.09845381377191031,0.03900926062634677,0.021202200324289405,0.01410184581381238,0.01077954939637156,0.009214142131784439,0.008751153265993017,0.009214014132049982,0.010710913558959916,0.01400295903018018,0.021227558229046692,0.03904443004937247,0.09715206456642139
40,-0.10000000000000002,-0.09999999999999999,0.0,0.09684536848889286,0.039073965694297,0.021409716134270118,0.014128727490601373,0.01074831463020013,0.00921152046991968,0.008782362899042218,0.009200945641200803,0.010693497969336455,0.013960588861755243,0.021191715689028157,0.03925781522801531,0.09812297061514624,0.09784847367380786,0.03923225760949332,0.021265276163897312,0.014019229973356855,0.010696821509176377,0.009206610973059796,0.00874873145257361,0.009181661866119281,0.010628865664551776,0.013955131044517743,0.021393325035798553,0.039396185410551884,0.09843745649931432,0.09684536848889284,0.0974475697043538,0.038991094124319656,0.021300524185825336,0.014076589956476891,0.010775398933646263,0.009249845402928565,0.008805649425706065,0.009165705546904863,0.010658281977180524,0.01407952423350886,0.021272258112764234,0.03901495897184886,0.03907396569429698,0.09784847367380792,0.0976404638413707,0.0393852883315188,0.021388679687801664,0.014116729214169212,0.010779169156721242,0.009271639681817309,0.00873574457331677,0.009144985417185184,0.010713735993618306,0.013987233459217572,0.021217519407343056,0.02140971613427007,0.03923225760949334,0.09744756970435373,0.09826222985163817,0.03921285883907124,0.021314775741035234,0.014111020379208444,0.010829794072892574,0.009223293838600103,0.008756558998455299,0.009247689087172177,0.010739493324330841,0.014118947990460363,0.014128727490601366,0.021265276163897354,0.03899109412431971,0.09764046384137068,0.09700888038436782,0.039003429753378546,0.021331717697656537,0.014186928516837697,0.010760170486146865,0.009223660162490247,0.008816929771715457,0.009234811689034098,0.01079527916608575,0.010748314630200179,0.014019229973356924,0.02130052418582542,0.03938528833151887,0.09826222985163836,0.09763062946360117,0.03918891368245867,0.02140294823062746,0.01402923124907229,0.010693062130013777,0.009209528094646566,0.008745398529375673,0.009228244673093508,0.00921152046991966,0.010696821509176384,0.014076589956476884,0.021388679687801657,0.03921285883907119,0.09700888038436783,0.09795633108095056,0.03924324019552734,0.021222536700077014,0.013996150014085502,0.010700246991065091,0.009171295187499765,0.008765216600046512,0.008782362899042169,0.00920661097305981,0.010775398933646305,0.014116729214169219,0.02131477574103524,0.039003429753378616,0.09763062946360138,0.09720124602297654,0.03909769236777373,0.02130947958928924,0.014061518558724336,0.010724330488742335,0.009230739518303124,0.009200945641200747,0.008748731452573655,0.009249845402928586,0.010779169156721224,0.014111020379208444,0.02133171769765657,0.03918891368245883,0.09795633108095048,0.09821961020540322,0.03931327605701856,0.021281407146306015,0.014054681230274778,0.010733644622961287,0.010693497969336357,0.009181661866119295,0.008805649425706108,0.009271639681817323,0.010829794072892557,0.014186928516837699,0.02140294823062769,0.03924324019552733,0.09720124602297661,0.09732338467807589,0.03880696979458673,0.0212470060049611,0.014034211868200044,0.013960588861754997,0.0106288656645519,0.009165705546904879,0.008735744573316773,0.009223293838599989,0.01076017048614708,0.014029231249072793,0.0212225367000769,0.03909769236777377,0.09821961020540337,0.09734919732867775,0.03927197388772685,0.021263349811622145,0.021191715689028223,0.013955131044517677,0.010658281977180495,0.009144985417185197,0.008756558998455316,0.009223660162490224,0.01069306213001367,0.013996150014085496,0.02130947958928925,0.03931327605701858,0.0973233846780759,0.09821949803902424,0.03906710107209585,0.039257815228015414,0.021393325035798494,0.014079524233508778,0.0107137359936183,0.009247689087172273,0.008816929771715332,0.009209528094646258,0.010700246991065143,0.014061518558724284,0.021281407146306164,0.03880696979458681,0.09734919732867778,0.09713480564501531,0.09812297061514635,0.03939618541055184,0.02127225811276423,0.01398723345921754,0.010739493324330829,0.00923481168903409,0.008745398529375559,0.009171295187499817,0.010724330488742329,0.014054681230274813,0.02124700600496114,0.03927197388772688,0.09821949803902426,0.09843745649931429,0.03901495897184884,0.02121751940734304,0.014118947990460373,0.010795279166085747,0.009228244673093411,0.008765216600046546,0.009230739518303124,0.01073364462296128,0.014034211868200079,0.021263349811622093,0.03906710107209582,0.0971348056450152
41,-0.05000000000000002,-0.09999999999999999,0.0,0.09684493628428156,0.03908306690217421,0.02142282169147565,0.014140423228730978,0.010754145269806385,0.009209238722777,0.008772559361350928,0.009188857233369242,0.010688196183574371,0.013970696724166832,0.021215022233320786,0.039277297583838466,0.09812023965942968,0.09785347464863298,0.039241612782393076,0.021274595093779602,0.014024038367087932,0.010693926317405698,0.009194903869467135,0.008731457196337965,0.009167030816119446,0.010627861447308935,0.013971567767890379,0.02141665600193597,0.03940783644361377,0.09843181719684015,0.09684493628428135,0.0974559905148118,0.03899969201771912,0.021305265143279517,0.014073771127608152,0.010762475530808939,0.009227978972148602,0.00878154592111836,0.009151421991317552,0.01066258920791087,0.014099035460783643,0.02129159241035139,0.03902374319909623,0.03908306690217419,0.09785347464863307,0.0976506175743994,0.039392351922297994,0.021388720055998213,0.014105964267101825,0.010756518303696734,0.00924160432589936,0.008709965206109331,0.009135537523059081,0.010723622633906141,0.014006075851244082,0.02123363104154838,0.02142282169147569,0.039241612782393104,0.0974559905148118,0.0982736588080364,0.03921857183754724,0.02130988312942462,0.01409207177659829,0.01079855946310941,0.00918982167577831,0.008734768641286764,0.009245712640054802,0.010752270539237203,0.014135580654538026,0.01414042322873095,0.02127459509377961,0.038999692017719134,0.09765061757439944,0.09702244588371559,0.03900801781308594,0.02132138976437795,0.014160094320119868,0.010723975830862022,0.009192421484647616,0.008802769163077814,0.009238020597373981,0.01080704613067279,0.010754145269806434,0.014024038367087988,0.0213052651432796,0.039392351922298105,0.09827365880803662,0.09764685919938222,0.039191571382848456,0.02138665523818545,0.013996837268613655,0.010657512434486706,0.009185481623447409,0.008738117710117966,0.00923176287091321,0.009209238722776979,0.010693926317405691,0.014073771127608173,0.021388720055998192,0.03921857183754725,0.09702244588371561,0.09797455286180222,0.03924278195082344,0.021200745766112652,0.013962725925071771,0.010670787809662418,0.009155363181749906,0.008759922141458688,0.00877255936135092,0.009194903869467148,0.01076247553080896,0.014105964267101812,0.021309883129424653,0.039008017813086035,0.09764685919938246,0.09722026860261274,0.03909352237331202,0.02128635595506498,0.014033792946412936,0.010704721029779242,0.00921930570726854,0.009188857233369194,0.008731457196337986,0.00922797897214861,0.010756518303696797,0.014092071776598256,0.021321389764378,0.03919157138284862,0.09797455286180218,0.09823707719562598,0.03930860152147672,0.021264835638485774,0.01404002081605081,0.010723189442643319,0.010688196183574278,0.00916703081611947,0.008781545921118405,0.009241604325899377,0.010798559463109425,0.014160094320119943,0.021386655238185642,0.03924278195082348,0.09722026860261276,0.0973391037773667,0.03880754566857472,0.021245351442782404,0.014033812580603877,0.013970696724166454,0.01062786144730904,0.009151421991317576,0.008709965206109449,0.009189821675778309,0.010723975830862098,0.013996837268614226,0.021200745766112472,0.039093522373311984,0.0982370771956258,0.09736321546269072,0.039284172677471585,0.02127803889559393,0.021215022233320918,0.013971567767890353,0.010662589207910855,0.009135537523059012,0.008734768641286778,0.009192421484647578,0.010657512434486607,0.013962725925071792,0.021286355955064937,0.03930860152147677,0.09733910377736676,0.09823378795234841,0.03908879633269416,0.03927729758383863,0.02141665600193593,0.014099035460783671,0.010723622633906083,0.009245712640054804,0.00880276916307765,0.009185481623447067,0.010670787809662519,0.014033792946412826,0.021264835638485857,0.03880754566857475,0.09736321546269079,0.09714386131699793,0.09812023965942995,0.039407836443613675,0.021291592410351445,0.014006075851244054,0.010752270539237219,0.00923802059737397,0.008738117710117801,0.009155363181749962,0.010704721029779249,0.014040020816050866,0.02124535144278243,0.03928417267747157,0.09823378795234836,0.09843181719684013,0.0390237431990961,0.021233631041548434,0.01413558065453803,0.010807046130672779,0.009231762870913124,0.008759922141458723,0.009219305707268567,0.010723189442643367,0.01403381258060394,0.021278038895593973,0.039088796332694103,0.0971438613169979
42,-1.3877787807814457e-17,-0.09999999999999999,0.0,0.09683610635933826,0.03908014938282217,0.021424192471530407,0.014144340934477306,0.010758720696140263,0.009212812424741465,0.008774032106316311,0.00918899417399234,0.010690988984699504,0.01398158512185366,0.02123281627751048,0.039290963236920745,0.09811940591046789,0.09784586764265685,0.039238102708421804,0.021274186372464574,0.014025350785147522,0.010695442089448587,0.009195238085296945,0.008730583145438151,0.009168277265952849,0.010637387422776298,0.013990750362935732,0.02143672890861506,0.03941638295233068,0.09842535997487115,0.09683610635933812,0.0974507278142053,0.03899728308421761,0.02130478929952316,0.014073833862591534,0.01076135973271206,0.009224802210904985,0.008778832011159251,0.009155811312718051,0.010678002025001975,0.014119942063848904,0.021305830381265812,0.03902487569272165,0.039080149382822164,0.09784586764265683,0.09764838003006315,0.039391991430742845,0.021388920647557028,0.014104609328962778,0.010751718296682044,0.009234803749744365,0.008707819159066378,0.009144136431612979,0.010740989635504464,0.014021880449712962,0.021240007422934724,0.02142419247153038,0.03923810270842173,0.09745072781420525,0.09827492038644761,0.039220504603385484,0.021309905321551387,0.014087120366650344,0.01078873609091861,0.0091813819275839,0.008735571769947562,0.009257222022314646,0.010766668342658095,0.014144564000000436,0.014144340934477306,0.0212741863724646,0.03899728308421771,0.09764838003006313,0.09702751897246058,0.03901114440644922,0.021318175974133872,0.014148925403403408,0.010710095462540915,0.009184995092450401,0.008806681146140062,0.009248576965499265,0.010816268638122965,0.010758720696140318,0.014025350785147585,0.021304789299523237,0.039391991430742956,0.09827492038644779,0.09765454582117133,0.039192332056868194,0.021376812378446845,0.013979644424314909,0.010642531418166384,0.00918082935586288,0.008742848918628556,0.009239000117974027,0.009212812424741451,0.010695442089448587,0.014073833862591527,0.021388920647556986,0.0392205046033855,0.09702751897246059,0.09798150088881406,0.039237924645411204,0.021183942778961393,0.01394239213955657,0.010657816742459414,0.009153188076250315,0.008763543096395297,0.00877403210631629,0.009195238085296993,0.01076135973271207,0.014104609328962764,0.0213099053215514,0.03901114440644923,0.0976545458211715,0.09722518579272157,0.03908337177837585,0.021265672290845205,0.014014972580998803,0.010696070659789256,0.009218668588870722,0.009188994173992299,0.008730583145438134,0.009224802210904992,0.010751718296682006,0.01408712036665033,0.021318175974133963,0.03919233205686834,0.09798150088881391,0.09824057556865869,0.039295420649590386,0.021246186273405476,0.014028421951209666,0.010720085730060933,0.010690988984699418,0.009168277265952901,0.008778832011159254,0.009234803749744336,0.010788736090918627,0.014148925403403456,0.021376812378447074,0.03923792464541109,0.09722518579272155,0.09733784861819209,0.03879535031537992,0.021236470013795444,0.014032944795056262,0.013981585121853601,0.010637387422776312,0.009155811312718143,0.008707819159066266,0.009181381927583998,0.010710095462541036,0.013979644424315374,0.021183942778961296,0.03908337177837601,0.09824057556865845,0.0973590691122323,0.03928184606170332,0.02128406002475619,0.021232816277510613,0.013990750362935622,0.01067800202500202,0.009144136431612965,0.008735571769947575,0.00918499509245034,0.010642531418166276,0.0139423921395566,0.02126567229084518,0.03929542064959041,0.09733784861819213,0.09823337415962685,0.039098403620548394,0.03929096323692083,0.021436728908614977,0.014119942063848812,0.010740989635504461,0.00925722202231477,0.008806681146139916,0.009180829355862619,0.010657816742459414,0.014014972580998764,0.021246186273405576,0.03879535031537992,0.09735906911223233,0.09714578680255781,0.09811940591046803,0.039416382952330714,0.021305830381265822,0.014021880449712948,0.010766668342658103,0.009248576965499244,0.008742848918628435,0.009153188076250318,0.010696070659789253,0.014028421951209707,0.0212364700137955,0.039281846061703575,0.09823337415962671,0.09842535997487106,0.03902487569272162,0.021240007422934748,0.01414456400000047,0.010816268638122947,0.00923900011797392,0.008763543096395349,0.009218668588870708,0.010720085730060974,0.014032944795056249,0.021284060024756073,0.03909840362054834,0.09714578680255778
43,-1.3877787807814457e-17,-0.15,0.0,0.09684302730630012,0.039087729898996254,0.021433119785608384,0.014154435600110482,0.01076857917029634,0.009219699606079976,0.008773368343778148,0.009175393742031995,0.01066286676730454,0.013948087553471806,0.0212118215559104,0.03929180224663474,0.09813277414007263,0.0978466745098075,0.03924059905261784,0.021279287561189936,0.014032806975057321,0.01070356143704735,0.009200257435730629,0.008726718317805776,0.009151475741406921,0.0106124335259748,0.013972696102064426,0.02143614826343771,0.03942759743199664,0.0984376890696904,0.09684302730629997,0.09744778745625067,0.03899738812546809,0.021308651662874198,0.01408072747567557,0.010768463701131721,0.009226576938646477,0.008769932412254707,0.009138027690245779,0.010663829689581388,0.014120135722860241,0.021317034967584903,0.03903725111269213,0.03908772989899626,0.09784667450980752,0.09764525156416066,0.039392939528677534,0.021393995461416952,0.014111863647635552,0.01075610761451885,0.009230323602320355,0.008694220376281038,0.00913195617389566,0.010741047289698033,0.014032771995269408,0.021252861407517042,0.021433119785608357,0.03924059905261789,0.09744778745625074,0.09827448414272225,0.03922440467571439,0.021316892110600824,0.01409258205534656,0.010786150410937464,0.009168950834099165,0.008722556102777442,0.009254948680944272,0.010775831283056777,0.014157446243751055,0.014154435600110496,0.021279287561189984,0.03899738812546809,0.09764525156416075,0.09703141332861823,0.03901835408505415,0.021324429388853497,0.014147103187269684,0.010696854211578934,0.009168561482940537,0.008799325427627016,0.009253685314560832,0.010827789349357547,0.010768579170296368,0.014032806975057384,0.021308651662874295,0.039392939528677604,0.09827448414272243,0.09766328061296586,0.03920036559301526,0.021376278456962074,0.013965258489659352,0.010621109445442811,0.009165671048111933,0.008740849329324814,0.009246651401038721,0.009219699606079934,0.010703561437047357,0.014080727475675577,0.02139399546141696,0.03922440467571438,0.09703141332861831,0.09799371011525741,0.03924140896755225,0.021170605416924473,0.013916328902189967,0.010632813825114601,0.009140638699494327,0.008763791501011142,0.00877336834377812,0.009200257435730622,0.010768463701131742,0.014111863647635586,0.021316892110600852,0.03901835408505422,0.09766328061296611,0.09723822058306192,0.03907789549207527,0.021239879218877367,0.013980695493914747,0.010669897441834771,0.009206841069545467,0.009175393742031954,0.008726718317805804,0.009226576938646452,0.010756107614518867,0.014092582055346553,0.02132442938885354,0.03920036559301543,0.09799371011525743,0.0982559728396141,0.03928365494863631,0.02121093068032619,0.013990013112232122,0.010692835542041305,0.010662866767304463,0.009151475741406956,0.008769932412254738,0.0092303236023204,0.010786150410937445,0.014147103187269694,0.021376278456962272,0.03924140896755224,0.09723822058306181,0.09735899258337644,0.038776230442804545,0.021195872823591214,0.013993323296051699,0.013948087553471655,0.010612433525974796,0.009138027690245798,0.008694220376281092,0.009168950834099188,0.010696854211579065,0.013965258489659793,0.021170605416924393,0.0390778954920753,0.09825597283961396,0.09737282991301016,0.039258006368505294,0.02124681249230914,0.021211821555910393,0.013972696102064364,0.010663829689581378,0.0091319561738957,0.008722556102777376,0.009168561482940499,0.010621109445442714,0.013916328902189995,0.021239879218877364,0.03928365494863634,0.0973589925833764,0.09823888784191107,0.03908231099318535,0.0392918022466347,0.02143614826343765,0.014120135722860305,0.010741047289697991,0.009254948680944286,0.008799325427626847,0.009165671048111668,0.010632813825114662,0.013980695493914674,0.021210930680326395,0.03877623044280462,0.09737282991301006,0.09715533985262365,0.09813277414007276,0.039427597431996586,0.021317034967584914,0.014032771995269394,0.010775831283056786,0.009253685314560806,0.00874084932932466,0.009140638699494386,0.010669897441834789,0.013990013112232136,0.021195872823591227,0.03925800636850542,0.09823888784191097,0.09843768906969036,0.0390372511126921,0.021252861407517032,0.014157446243751065,0.01082778934935752,0.009246651401038627,0.008763791501011156,0.00920684106954546,0.010692835542041333,0.013993323296051734,0.021246812492309006,0.039082310993185265,0.09715533985262341
44,-1.3877787807814457e-17,-0.2,0.0,0.09683924175334957,0.03908866793680149,0.021439919660086626,0.014167402444087401,0.010786261878174948,0.00923831586961725,0.008785376203231783,0.009170392322715548,0.010637328994415725,0.013918148750518411,0.02120113842394556,0.03929947095340513,0.09814106052728186,0.09784485928742487,0.039243941844165714,0.021288563501817626,0.014047562918795983,0.010721582353960285,0.009216162880780782,0.00873146890895659,0.009138903690292216,0.010590405336648762,0.013959961153581127,0.02143691820474393,0.03943066855716409,0.09843603027164291,0.0968392417533495,0.09744807092338365,0.03900227587437774,0.021318496512788228,0.01409466138853048,0.01078312517558836,0.009234743413467715,0.008764429712420096,0.009121427464164925,0.010651180670992336,0.014118676768858415,0.021319645098702215,0.0390372435181738,0.039088667936801394,0.09784485928742491,0.09764596653419838,0.039397186519647936,0.02140207811122595,0.014122319467699006,0.010763753250509683,0.009227830248925315,0.008680527980927836,0.00911939451436625,0.010739143381221554,0.014037277349965547,0.02125699117095669,0.02143991966008664,0.039243941844165735,0.09744807092338356,0.09827352294423182,0.0392264592551966,0.021322267992811318,0.014098095590835094,0.010784472373663177,0.009155999021101452,0.008708754581326958,0.00925232842427086,0.010782664209680893,0.014166582965643413,0.014167402444087394,0.02128856350181761,0.03900227587437781,0.09764596653419844,0.09702806575690695,0.03901899596681993,0.0213278747692441,0.014145791299935389,0.010683245223362621,0.009151370209257333,0.008793963379351111,0.009261596240709937,0.010841545518468828,0.010786261878175017,0.014047562918796073,0.02131849651278831,0.039397186519648034,0.0982735229442319,0.09766162373821823,0.03920420714121937,0.02137715942135695,0.013950720290417835,0.010597611351414113,0.009153349391918541,0.008746065067048718,0.009262383821249633,0.009238315869617209,0.010721582353960292,0.014094661388530466,0.021402078111225964,0.03922645925519655,0.09702806575690703,0.09800374646468542,0.03924978566961969,0.02115700720090593,0.013883169175517917,0.010606797253626215,0.00913627932960863,0.00877598763937814,0.00878537620323177,0.009216162880780775,0.010783125175588382,0.014122319467699027,0.021322267992811325,0.039018995966819986,0.09766162373821854,0.09726443782387621,0.03907231851116289,0.021196286032614767,0.013933075333324916,0.010645696906987172,0.009205962220510532,0.009170392322715548,0.00873146890895661,0.009234743413467736,0.010763753250509711,0.014098095590835039,0.021327874769244165,0.039204207141219555,0.09800374646468535,0.09827430330203932,0.03924123754148718,0.02114269848268026,0.013938964460207093,0.010668548483018715,0.01063732899441569,0.009138903690292244,0.008764429712420085,0.009227830248925317,0.01078447237366309,0.014145791299935456,0.02137715942135715,0.03924978566961962,0.09726443782387625,0.09734944228857455,0.03871428235420843,0.02113127825427616,0.013948081894019831,0.013918148750518333,0.010590405336648734,0.00912142746416511,0.008680527980927777,0.009155999021101369,0.010683245223362892,0.013950720290418217,0.021157007200905853,0.039072318511162885,0.09827430330203935,0.09736956299567723,0.0392242250111316,0.02120946068633739,0.021201138423945665,0.013959961153581085,0.0106511806709923,0.009119394514366275,0.008708754581326944,0.009151370209257298,0.010597611351413988,0.013883169175517962,0.02119628603261474,0.03924123754148718,0.09734944228857453,0.09826313776304416,0.0390812141746289,0.03929947095340525,0.02143691820474375,0.014118676768858474,0.010739143381221561,0.009252328424270873,0.00879396337935101,0.009153349391918253,0.010606797253626232,0.01393307533332483,0.02114269848268041,0.03871428235420846,0.0973695629956772,0.0971794142624785,0.09814106052728183,0.039430668557164095,0.021319645098702156,0.014037277349965571,0.010782664209680937,0.00926159624070988,0.008746065067048614,0.00913627932960867,0.010645696906987176,0.013938964460207162,0.02113127825427623,0.039224225011131666,0.09826313776304407,0.09843603027164288,0.03903724351817378,0.021256991170956724,0.014166582965643437,0.010841545518468776,0.009262383821249595,0.008775987639378133,0.009205962220510525,0.010668548483018764,0.013948081894019818,0.02120946068633741,0.039081214174628925,0.09717941426247845
45,-1.3877787807814457e-17,-0.25,0.0,0.09682082496215902,0.039075777916364296,0.021433048759946255,0.01416774935769742,0.010795630899101058,0.009258999847311565,0.008818848264457176,0.009212199787929622,0.010673494870752427,0.013930825857917214,0.02119189725976102,0.03928387970584425,0.09812216401355732,0.09782546181473925,0.03922866653080437,0.021278989307689206,0.014046062709196075,0.010731235034269156,0.009240055858404664,0.008768233944657335,0.009178141723556212,0.010615384129084351,0.013967291356705677,0.021435898975903842,0.0394224008733802,0.0984185747983307,0.096820824962159,0.09742724008645359,0.03898543749475519,0.021308350735585714,0.014094744711830039,0.010797615574746601,0.00926470283162786,0.008802683262741516,0.009153134134542655,0.010670041938003472,0.01412932369259118,0.02132123228790029,0.039027310875287415,0.03907577791636429,0.09782546181473922,0.09762429852499302,0.03938053071542916,0.02139413667882281,0.014127924038049716,0.010785877184397993,0.009262235329354955,0.008714704825783862,0.009145534478445329,0.010758572734155323,0.014047449737103417,0.021254627969074985,0.02143304875994622,0.039228666530804375,0.09742724008645363,0.09825182767636985,0.03921157974871569,0.021319406216407384,0.014111830964296988,0.010813350218961527,0.009190044882425433,0.008739426965875905,0.009278576615117063,0.010800451266301109,0.01417162625328807,0.014167749357697434,0.021278989307689254,0.03898543749475518,0.09762429852499298,0.0970066768137664,0.03900703288950948,0.021331376177949796,0.01416641581875868,0.010714302494273166,0.009184248600871855,0.008825690607072317,0.009286714332266587,0.010854579680687274,0.010795630899101107,0.014046062709196137,0.021308350735585804,0.03938053071542928,0.09825182767636999,0.09763949374300634,0.03919444481393042,0.021385190920138915,0.013974564312790067,0.010629509237422162,0.00918870226347836,0.008778085541520606,0.009284275375880911,0.009258999847311537,0.010731235034269163,0.014094744711830046,0.021394136678822798,0.039211579748715725,0.09700667681376637,0.09797673084909003,0.03923938549704213,0.0211680343855941,0.013909912359983446,0.010643189200421035,0.009174411085789331,0.008807722031203884,0.008818848264457148,0.009240055858404678,0.010797615574746594,0.01412792403804973,0.02131940621640739,0.03900703288950956,0.09763949374300651,0.09722936211561142,0.03906347490580899,0.02121152477866608,0.01396504280845151,0.010686389151490481,0.009246666075473912,0.009212199787929573,0.008768233944657353,0.009264702831627863,0.010785877184397996,0.014111830964296967,0.021331376177949862,0.039194444813930585,0.09797673084908998,0.09824268807561073,0.03923833240347332,0.021159971354818258,0.013971452518565082,0.010710148965560572,0.010673494870752365,0.009178141723556271,0.008802683262741556,0.009262235329354912,0.01081335021896157,0.014166415818758715,0.021385190920139102,0.03923938549704206,0.0972293621156115,0.097329688803516,0.03870699203858639,0.021138971538747067,0.013973584890605892,0.01393082585791694,0.010615384129084526,0.009153134134542773,0.008714704825783903,0.009190044882425474,0.010714302494273187,0.01397456431279065,0.021168034385593948,0.039063474905809026,0.09824268807561054,0.09733993546347014,0.03919751335755217,0.02120250673965829,0.021191897259761033,0.013967291356705658,0.010670041938003444,0.009145534478445294,0.00873942696587593,0.009184248600871789,0.010629509237422022,0.013909912359983484,0.021211524778666044,0.03923833240347335,0.09732968880351604,0.09821800585965648,0.03905095742026751,0.039283879705844404,0.0214358989759037,0.014129323692591178,0.010758572734155258,0.009278576615117107,0.008825690607072223,0.009188702263478066,0.010643189200421121,0.013965042808451456,0.021159971354818313,0.03870699203858649,0.09733993546347006,0.09714779160305942,0.09812216401355747,0.0394224008733802,0.021321232287900282,0.014047449737103423,0.010800451266301136,0.009286714332266494,0.008778085541520486,0.009174411085789369,0.010686389151490505,0.013971452518565117,0.021138971538747164,0.03919751335755238,0.09821800585965651,0.09841857479833063,0.03902731087528746,0.021254627969075,0.014171626253288064,0.010854579680687287,0.009284275375880835,0.008807722031203905,0.009246666075473926,0.010710148965560565,0.01397358489060592,0.021202506739658192,0.03905095742026748,0.09714779160305936
46,-1.3877787807814457e-17,-0.2,0.0,0.09683924175334957,0.03908866793680149,0.021439919660086626,0.014167402444087401,0.010786261878174948,0.00923831586961725,0.008785376203231783,0.009170392322715548,0.010637328994415725,0.013918148750518411,0.02120113842394556,0.03929947095340513,0.09814106052728186,0.09784485928742487,0.039243941844165714,0.021288563501817626,0.014047562918795983,0.010721582353960285,0.009216162880780782,0.00873146890895659,0.009138903690292216,0.010590405336648762,0.013959961153581127,0.02143691820474393,0.03943066855716409,0.09843603027164291,0.0968392417533495,0.09744807092338365,0.03900227587437774,0.021318496512788228,0.01409466138853048,0.01078312517558836,0.009234743413467715,0.008764429712420096,0.009121427464164925,0.010651180670992336,0.014118676768858415,0.021319645098702215,0.0390372435181738,0.039088667936801394,0.09784485928742491,0.09764596653419838,0.039397186519647936,0.02140207811122595,0.014122319467699006,0.010763753250509683,0.009227830248925315,0.008680527980927836,0.00911939451436625,0.010739143381221554,0.014037277349965547,0.02125699117095669,0.02143991966008664,0.039243941844165735,0.09744807092338356,0.09827352294423182,0.0392264592551966,0.021322267992811318,0.014098095590835094,0.010784472373663177,0.009155999021101452,0.008708754581326958,0.00925232842427086,0.010782664209680893,0.014166582965643413,0.014167402444087394,0.02128856350181761,0.03900227587437781,0.09764596653419844,0.09702806575690695,0.03901899596681993,0.0213278747692441,0.014145791299935389,0.010683245223362621,0.009151370209257333,0.008793963379351111,0.009261596240709937,0.010841545518468828,0.010786261878175017,0.014047562918796073,0.02131849651278831,0.039397186519648034,0.0982735229442319,0.09766162373821823,0.03920420714121937,0.02137715942135695,0.013950720290417835,0.010597611351414113,0.009153349391918541,0.008746065067048718,0.009262383821249633,0.009238315869617209,0.010721582353960292,0.014094661388530466,0.021402078111225964,0.03922645925519655,0.09702806575690703,0.09800374646468542,0.03924978566961969,0.02115700720090593,0.013883169175517917,0.010606797253626215,0.00913627932960863,0.00877598763937814,0.00878537620323177,0.009216162880780775,0.010783125175588382,0.014122319467699027,0.021322267992811325,0.039018995966819986,0.09766162373821854,0.09726443782387621,0.03907231851116289,0.021196286032614767,0.013933075333324916,0.010645696906987172,0.009205962220510532,0.009170392322715548,0.00873146890895661,0.009234743413467736,0.010763753250509711,0.014098095590835039,0.021327874769244165,0.039204207141219555,0.09800374646468535,0.09827430330203932,0.03924123754148718,0.02114269848268026,0.013938964460207093,0.010668548483018715,0.01063732899441569,0.009138903690292244,0.008764429712420085,0.009227830248925317,0.01078447237366309,0.014145791299935456,0.02137715942135715,0.03924978566961962,0.09726443782387625,0.09734944228857455,0.03871428235420843,0.02113127825427616,0.013948081894019831,0.013918148750518333,0.010590405336648734,0.00912142746416511,0.008680527980927777,0.009155999021101369,0.010683245223362892,0.013950720290418217,0.021157007200905853,0.039072318511162885,0.09827430330203935,0.09736956299567723,0.0392242250111316,0.02120946068633739,0.021201138423945665,0.013959961153581085,0.0106511806709923,0.009119394514366275,0.008708754581326944,0.009151370209257298,0.010597611351413988,0.013883169175517962,0.02119628603261474,0.03924123754148718,0.09734944228857453,0.09826313776304416,0.0390812141746289,0.03929947095340525,0.02143691820474375,0.014118676768858474,0.010739143381221561,0.009252328424270873,0.00879396337935101,0.009153349391918253,0.010606797253626232,0.01393307533332483,0.02114269848268041,0.03871428235420846,0.0973695629956772,0.0971794142624785,0.09814106052728183,0.039430668557164095,0.021319645098702156,0.014037277349965571,0.010782664209680937,0.00926159624070988,0.008746065067048614,0.00913627932960867,0.010645696906987176,0.013938964460207162,0.02113127825427623,0.039224225011131666,0.09826313776304407,0.09843603027164288,0.03903724351817378,0.021256991170956724,0.014166582965643437,0.010841545518468776,0.009262383821249595,0.008775987639378133,0.009205962220510525,0.010668548483018764,0.013948081894019818,0.02120946068633741,0.039081214174628925,0.09717941426247845
47,-1.3877787807814457e-17,-0.15000000000000002,0.0,0.09684302730630012,0.039087729898996254,0.021433119785608384,0.014154435600110482,0.01076857917029634,0.009219699606079976,0.008773368343778148,0.009175393742031995,0.01066286676730454,0.013948087553471806,0.0212118215559104,0.03929180224663474,0.09813277414007263,0.0978466745098075,0.03924059905261784,0.021279287561189936,0.014032806975057321,0.01070356143704735,0.009200257435730629,0.008726718317805776,0.009151475741406921,0.0106124335259748,0.013972696102064426,0.02143614826343771,0.03942759743199664,0.0984376890696904,0.09684302730629997,0.09744778745625067,0.03899738812546809,0.021308651662874198,0.01408072747567557,0.010768463701131721,0.009226576938646477,0.008769932412254707,0.009138027690245779,0.010663829689581388,0.014120135722860241,0.021317034967584903,0.03903725111269213,0.03908772989899626,0.09784667450980752,0.09764525156416066,0.039392939528677534,0.021393995461416952,0.014111863647635552,0.01075610761451885,0.009230323602320355,0.008694220376281038,0.00913195617389566,0.010741047289698033,0.014032771995269408,0.021252861407517042,0.021433119785608357,0.03924059905261789,0.09744778745625074,0.09827448414272225,0.03922440467571439,0.021316892110600824,0.01409258205534656,0.010786150410937464,0.009168950834099165,0.008722556102777442,0.009254948680944272,0.010775831283056777,0.014157446243751055,0.014154435600110496,0.021279287561189984,0.03899738812546809,0.09764525156416075,0.09703141332861823,0.03901835408505415,0.021324429388853497,0.014147103187269684,0.010696854211578934,0.009168561482940537,0.008799325427627016,0.009253685314560832,0.010827789349357547,0.010768579170296368,0.014032806975057384,0.021308651662874295,0.039392939528677604,0.09827448414272243,0.09766328061296586,0.03920036559301526,0.021376278456962074,0.013965258489659352,0.010621109445442811,0.009165671048111933,0.008740849329324814,0.009246651401038721,0.009219699606079934,0.010703561437047357,0.014080727475675577,0.02139399546141696,0.03922440467571438,0.09703141332861831,0.09799371011525741,0.03924140896755225,0.021170605416924473,0.013916328902189967,0.010632813825114601,0.009140638699494327,0.008763791501011142,0.00877336834377812,0.009200257435730622,0.010768463701131742,0.014111863647635586,0.021316892110600852,0.03901835408505422,0.09766328061296611,0.09723822058306192,0.03907789549207527,0.021239879218877367,0.013980695493914747,0.010669897441834771,0.009206841069545467,0.009175393742031954,0.008726718317805804,0.009226576938646452,0.010756107614518867,0.014092582055346553,0.02132442938885354,0.03920036559301543,0.09799371011525743,0.0982559728396141,0.03928365494863631,0.02121093068032619,0.013990013112232122,0.010692835542041305,0.010662866767304463,0.009151475741406956,0.008769932412254738,0.0092303236023204,0.010786150410937445,0.014147103187269694,0.021376278456962272,0.03924140896755224,0.09723822058306181,0.09735899258337644,0.038776230442804545,0.021195872823591214,0.013993323296051699,0.013948087553471655,0.010612433525974796,0.009138027690245798,0.008694220376281092,0.009168950834099188,0.010696854211579065,0.013965258489659793,0.021170605416924393,0.0390778954920753,0.09825597283961396,0.09737282991301016,0.039258006368505294,0.02124681249230914,0.021211821555910393,0.013972696102064364,0.010663829689581378,0.0091319561738957,0.008722556102777376,0.009168561482940499,0.010621109445442714,0.013916328902189995,0.021239879218877364,0.03928365494863634,0.0973589925833764,0.09823888784191107,0.03908231099318535,0.0392918022466347,0.02143614826343765,0.014120135722860305,0.010741047289697991,0.009254948680944286,0.008799325427626847,0.009165671048111668,0.010632813825114662,0.013980695493914674,0.021210930680326395,0.03877623044280462,0.09737282991301006,0.09715533985262365,0.09813277414007276,0.039427597431996586,0.021317034967584914,0.014032771995269394,0.010775831283056786,0.009253685314560806,0.00874084932932466,0.009140638699494386,0.010669897441834789,0.013990013112232136,0.021195872823591227,0.03925800636850542,0.09823888784191097,0.09843768906969036,0.0390372511126921,0.021252861407517032,0.014157446243751065,0.01082778934935752,0.009246651401038627,0.008763791501011156,0.00920684106954546,0.010692835542041333,0.013993323296051734,0.021246812492309006,0.039082310993185265,0.09715533985262341
48,-1.3877787807814457e-17,-0.10000000000000002,0.0,0.09683610635933826,0.03908014938282217,0.021424192471530407,0.014144340934477306,0.010758720696140263,0.009212812424741465,0.008774032106316311,0.00918899417399234,0.010690988984699504,0.01398158512185366,0.02123281627751048,0.039290963236920745,0.09811940591046789,0.09784586764265685,0.039238102708421804,0.021274186372464574,0.014025350785147522,0.010695442089448587,0.009195238085296945,0.008730583145438151,0.009168277265952849,0.010637387422776298,0.013990750362935732,0.02143672890861506,0.03941638295233068,0.09842535997487115,0.09683610635933812,0.0974507278142053,0.03899728308421761,0.02130478929952316,0.014073833862591534,0.01076135973271206,0.009224802210904985,0.008778832011159251,0.009155811312718051,0.010678002025001975,0.014119942063848904,0.021305830381265812,0.03902487569272165,0.039080149382822164,0.09784586764265683,0.09764838003006315,0.039391991430742845,0.021388920647557028,0.014104609328962778,0.010751718296682044,0.009234803749744365,0.008707819159066378,0.009144136431612979,0.010740989635504464,0.014021880449712962,0.021240007422934724,0.02142419247153038,0.03923810270842173,0.09745072781420525,0.09827492038644761,0.039220504603385484,0.021309905321551387,0.014087120366650344,0.01078873609091861,0.0091813819275839,0.008735571769947562,0.009257222022314646,0.010766668342658095,0.014144564000000436,0.014144340934477306,0.0212741863724646,0.03899728308421771,0.09764838003006313,0.09702751897246058,0.03901114440644922,0.021318175974133872,0.014148925403403408,0.010710095462540915,0.009184995092450401,0.008806681146140062,0.009248576965499265,0.010816268638122965,0.010758720696140318,0.014025350785147585,0.021304789299523237,0.039391991430742956,0.09827492038644779,0.09765454582117133,0.039192332056868194,0.021376812378446845,0.013979644424314909,0.010642531418166384,0.00918082935586288,0.008742848918628556,0.009239000117974027,0.009212812424741451,0.010695442089448587,0.014073833862591527,0.021388920647556986,0.0392205046033855,0.09702751897246059,0.09798150088881406,0.039237924645411204,0.021183942778961393,0.01394239213955657,0.010657816742459414,0.009153188076250315,0.008763543096395297,0.00877403210631629,0.009195238085296993,0.01076135973271207,0.014104609328962764,0.0213099053215514,0.03901114440644923,0.0976545458211715,0.09722518579272157,0.03908337177837585,0.021265672290845205,0.014014972580998803,0.010696070659789256,0.009218668588870722,0.009188994173992299,0.008730583145438134,0.009224802210904992,0.010751718296682006,0.01408712036665033,0.021318175974133963,0.03919233205686834,0.09798150088881391,0.09824057556865869,0.039295420649590386,0.021246186273405476,0.014028421951209666,0.010720085730060933,0.010690988984699418,0.009168277265952901,0.008778832011159254,0.009234803749744336,0.010788736090918627,0.014148925403403456,0.021376812378447074,0.03923792464541109,0.09722518579272155,0.09733784861819209,0.03879535031537992,0.021236470013795444,0.014032944795056262,0.013981585121853601,0.010637387422776312,0.009155811312718143,0.008707819159066266,0.009181381927583998,0.010710095462541036,0.013979644424315374,0.021183942778961296,0.03908337177837601,0.09824057556865845,0.0973590691122323,0.03928184606170332,0.02128406002475619,0.021232816277510613,0.013990750362935622,0.01067800202500202,0.009144136431612965,0.008735571769947575,0.00918499509245034,0.010642531418166276,0.0139423921395566,0.02126567229084518,0.03929542064959041,0.09733784861819213,0.09823337415962685,0.039098403620548394,0.03929096323692083,0.021436728908614977,0.014119942063848812,0.010740989635504461,0.00925722202231477,0.008806681146139916,0.009180829355862619,0.010657816742459414,0.014014972580998764,0.021246186273405576,0.03879535031537992,0.09735906911223233,0.09714578680255781,0.09811940591046803,0.039416382952330714,0.021305830381265822,0.014021880449712948,0.010766668342658103,0.009248576965499244,0.008742848918628435,0.009153188076250318,0.010696070659789253,0.014028421951209707,0.0212364700137955,0.039281846061703575,0.09823337415962671,0.09842535997487106,0.03902487569272162,0.021240007422934748,0.01414456400000047,0.010816268638122947,0.00923900011797392,0.008763543096395349,0.009218668588870708,0.010720085730060974,0.014032944795056249,0.021284060024756073,0.03909840362054834,0.09714578680255778
49,-1.3877787807814457e-17,-0.05000000000000002,0.0,0.09684967174030479,0.03908154131899953,0.021411761979885216,0.0141190813569506,0.010725400232757025,0.009178867611296458,0.008749058542945526,0.009181700966806178,0.010702288613881297,0.014002151256180349,0.021250194153662923,0.039300959836365126,0.0981277675829346,0.09786363811180487,0.039243048020357524,0.021263581595673806,0.014000423447592739,0.010661528507876557,0.009161682873721239,0.008708709042276112,0.009163543312909916,0.010645095256650652,0.013999717849117205,0.02144085015427434,0.039419556598448605,0.09843558870768489,0.09684967174030468,0.09747309875309608,0.03900454204283539,0.021294205575706854,0.014047817395197823,0.010727772824052899,0.009195864351812414,0.008762985305860074,0.009151964231428826,0.010676647643809715,0.014114230770784079,0.021298691013553563,0.03902503907851315,0.039081541318999574,0.09786363811180493,0.09767114368283714,0.03939705495171886,0.021375495799401706,0.014078175854163974,0.010723838985438744,0.009215354042222495,0.008698063469523166,0.009135973027637493,0.010727033988203469,0.014004076749132018,0.021227355570583556,0.02141176197988516,0.039243048020357524,0.09747309875309611,0.09829239379656383,0.03921999199466199,0.021294222577327694,0.014066187976163543,0.010772679294672622,0.00917268936392982,0.008726911969880515,0.009240294491459895,0.010741889597194916,0.01412047981236184,0.0141190813569506,0.02126358159567384,0.03900454204283546,0.0976711436828372,0.09703769091910591,0.039007557893959245,0.02130828370236313,0.014142062014715294,0.010709163982966195,0.0091830141590814,0.008793956804781471,0.009223054375781237,0.01078494316829659,0.010725400232757067,0.014000423447592801,0.021294205575706965,0.03939705495171891,0.09829239379656399,0.0976610920909431,0.03919409134098464,0.021381534437046778,0.013990417065152218,0.01065293842580365,0.009179667706896974,0.008724556175697947,0.00920763240026087,0.009178867611296423,0.01066152850787657,0.014047817395197823,0.021375495799401706,0.03921999199466196,0.09703769091910594,0.0979909935277074,0.03925084393060093,0.02120447134128179,0.013966087872778764,0.01067259349629894,0.0091491178110127,0.00874026366403717,0.008749058542945519,0.00916168287372126,0.010727772824052906,0.014078175854164002,0.0212942225773277,0.03900755789395932,0.09766109209094337,0.09723633731978734,0.039103535887500665,0.021295739882439328,0.014044290924220448,0.010710279997839554,0.009211431426581887,0.009181700966806122,0.008708709042276122,0.009195864351812438,0.010723838985438688,0.014066187976163547,0.02130828370236318,0.03919409134098481,0.09799099352770738,0.09824346793913216,0.0393155235973678,0.021278975887592123,0.014057496071012525,0.010732628043369302,0.0107022886138812,0.009163543312909972,0.008762985305860116,0.009215354042222457,0.010772679294672571,0.014142062014715379,0.021381534437046906,0.03925084393060091,0.09723633731978737,0.0973321661696782,0.03881492762013852,0.021268323037780687,0.01405992557044998,0.014002151256180095,0.010645095256650805,0.009151964231428833,0.00869806346952312,0.009172689363929731,0.010709163982966341,0.01399041706515275,0.021204471341281672,0.03910353588750087,0.09824346793913213,0.0973529336412649,0.03930037352253124,0.02131144846592259,0.021250194153662916,0.013999717849117244,0.010676647643809684,0.009135973027637467,0.008726911969880555,0.00918301415908139,0.010652938425803546,0.013966087872778754,0.021295739882439324,0.039315523597367834,0.09733216616967821,0.09823318918563198,0.03911479903081744,0.039300959836365223,0.021440850154274216,0.014114230770783942,0.010727033988203627,0.009240294491459855,0.0087939568047814,0.00917966770689671,0.010672593496298954,0.014044290924220437,0.021278975887592144,0.03881492762013858,0.09735293364126484,0.09715198161214256,0.09812776758293468,0.03941955659844859,0.021298691013553528,0.01400407674913201,0.010741889597194965,0.009223054375781248,0.008724556175697798,0.009149117811012727,0.010710279997839536,0.014057496071012601,0.02126832303778077,0.03930037352253139,0.09823318918563184,0.09843558870768479,0.03902503907851315,0.021227355570583556,0.014120479812361836,0.01078494316829659,0.00920763240026079,0.00874026366403717,0.009211431426581915,0.01073262804336931,0.014059925570449952,0.021311448465922617,0.039114799030817486,0.09715198161214225
50,-1.3877787807814457e-17,-1.3877787807814457e-17,0.0,0.09687221865186399,0.03909034736658552,0.021402586835112744,0.014093305287462221,0.01069126367596094,0.009146824986261355,0.008728003034476496,0.009175347765696874,0.010707047448797222,0.014010193070708683,0.02125576978313254,0.03930475249442124,0.09813517574209091,0.09788571375298391,0.03924691023441346,0.02124718409469767,0.013969413434077455,0.010625571412031444,0.009130486263429653,0.00868866780842344,0.009154593068319408,0.010642807606377463,0.013999487568553983,0.021442398420317404,0.03942657770752365,0.0984523588150516,0.09687221865186389,0.09749256239091729,0.03900400415626733,0.021275103814022873,0.014017170286217732,0.010694482319862635,0.009167816619735855,0.008743167016309353,0.00913928676899952,0.010668059862069415,0.014108953892245429,0.021299201683385425,0.039035317231347455,0.03909034736658546,0.09788571375298398,0.09768935160020736,0.03939732806973864,0.02136017603290121,0.014053206495601975,0.010696768109624263,0.009191263129684851,0.008678733217152273,0.009120024308888848,0.010713367870320577,0.013994099291607096,0.021224639884062806,0.021402586835112695,0.03924691023441343,0.09749256239091736,0.09831352664037511,0.03922519434073468,0.021284892123687782,0.01404785842162181,0.010751425402923571,0.009152457062735972,0.008707814658719636,0.009220834472555992,0.010722204502380438,0.014103295169683994,0.014093305287462228,0.02124718409469769,0.03900400415626733,0.0976893516002074,0.09706252038329977,0.03901619176469647,0.02130307437163201,0.014129079144579232,0.010693862992687642,0.009166730717098174,0.008774563848752807,0.009198893601249121,0.010757150104776514,0.010691263675960946,0.013969413434077545,0.02127510381402295,0.039397328069738724,0.09831352664037525,0.09768229133926434,0.039200193810419615,0.021377976676372597,0.013983600879778887,0.010645059674285981,0.009167740741890227,0.008704561795597617,0.009178378167950904,0.0091468249862613,0.010625571412031444,0.014017170286217753,0.02136017603290119,0.039225194340734626,0.09706252038329977,0.09800197297223535,0.03925344764572382,0.021205873088424632,0.01396916064351477,0.010673443092697816,0.009141013297651691,0.008719202656193907,0.008728003034476482,0.009130486263429681,0.010694482319862642,0.014053206495601975,0.021284892123687824,0.03901619176469656,0.09768229133926448,0.0972398234901425,0.0391097835412589,0.02130844504050257,0.014059126859417386,0.010718093054029935,0.009205378996683146,0.00917534776569684,0.00868866780842345,0.009167816619735883,0.010696768109624263,0.014047858421621762,0.021303074371632064,0.039200193810419726,0.09800197297223529,0.09824955070367582,0.039332046592806424,0.021302528713689838,0.014078223620294143,0.010741880627493747,0.010707047448797205,0.009154593068319478,0.008743167016309339,0.009191263129684879,0.010751425402923565,0.01412907914457931,0.021377976676372784,0.039253447645723694,0.0972398234901426,0.09734548431017209,0.03883751653465294,0.02129252652930802,0.01407740565226509,0.01401019307070872,0.010642807606377536,0.009139286768999666,0.00867873321715218,0.009152457062735986,0.01069386299268782,0.01398360087977929,0.02120587308842442,0.039109783541258936,0.0982495507036758,0.09736514225106743,0.03931663860422957,0.021326567087601445,0.021255769783132566,0.013999487568553959,0.01066805986206934,0.009120024308888863,0.008707814658719615,0.00916673071709817,0.010645059674285876,0.013969160643514805,0.02130844504050254,0.03933204659280646,0.09734548431017215,0.09823693060359284,0.039121612222040913,0.039304752494421336,0.021442398420317255,0.014108953892245424,0.010713367870320567,0.009220834472556061,0.008774563848752692,0.009167740741889918,0.010673443092697965,0.014059126859417292,0.021302528713689872,0.03883751653465295,0.0973651422510674,0.09715282494689192,0.09813517574209116,0.03942657770752356,0.02129920168338542,0.013994099291607082,0.010722204502380484,0.009198893601249092,0.008704561795597476,0.009141013297651754,0.010718093054029917,0.014078223620294164,0.02129252652930813,0.039316638604229584,0.09823693060359273,0.09845235881505154,0.039035317231347455,0.021224639884062813,0.014103295169683991,0.010757150104776486,0.009178378167950793,0.008719202656193928,0.00920537899668316,0.010741880627493768,0.01407740565226516,0.021326567087601632,0.03912161222204087,0.09715282494689187
51,-1.3877787807814457e-17,0.04999999999999999,0.0,0.09683389375842083,0.039064954932055945,0.02139046795160135,0.01409811933776306,0.010716096317303386,0.009190777418574672,0.00878555900356684,0.009236281205945662,0.010760824336867487,0.01404639569954708,0.02126792750445501,0.039289564840871566,0.09809583558155595,0.0978480720280227,0.03921819769728316,0.021232180415582474,0.013973603306513989,0.010651209298161872,0.009175576110815986,0.00874586248236562,0.009214315322971813,0.010693813760771597,0.014032766509958246,0.021451056743290845,0.03940899240698485,0.09841291595054573,0.09683389375842072,0.09745390735326183,0.03897469350225602,0.0212616314968527,0.014024311458596221,0.010723781859026262,0.009215373936014064,0.008801177510943342,0.009196851922657004,0.010714965522367795,0.014136206562491493,0.021301567600294474,0.03901355347239818,0.03906495493205594,0.09784807202802269,0.09765245821048658,0.03937131415733772,0.021351264365818905,0.014066183056191693,0.010731522113714746,0.009242406365270501,0.008736551394854922,0.009174032347127655,0.010753554841042592,0.01401271579707676,0.021219282041661288,0.0213904679516013,0.039218197697283165,0.09745390735326183,0.09827763292049896,0.03920178144926676,0.021281628879550984,0.014068484182519103,0.010793298417202404,0.00920746469973853,0.008765604958696938,0.009270857102289734,0.010754809257085501,0.014113356909190612,0.014098119337763039,0.021232180415582502,0.03897469350225605,0.09765245821048665,0.09702355394630571,0.03899442324968271,0.021306163188429296,0.01415764771502626,0.010742143181951548,0.009225096384251284,0.008832439052719042,0.009245204347694568,0.010784382202021912,0.010716096317303442,0.013973603306514072,0.02126163149685279,0.039371314157337814,0.09827763292049911,0.09764103482250744,0.03918198932584372,0.021387284936367875,0.014018263732491027,0.010697429884658088,0.00922827059294467,0.00876166553336635,0.009222781836756455,0.009190777418574644,0.010651209298161879,0.014024311458596228,0.02135126436581887,0.039201781449266754,0.09702355394630566,0.09796112665394845,0.03923800634075264,0.02121867914381359,0.014006280638630231,0.010727885894576105,0.009202022088987898,0.008776610387048273,0.008785559003566812,0.009175576110816,0.010723781859026282,0.0140661830561917,0.021281628879550984,0.038994423249682775,0.0976410348225078,0.0971971750734843,0.03909329688406654,0.021319790095515205,0.014095855480136954,0.010772227420796678,0.009267145597181975,0.00923628120594562,0.008745862482365627,0.00921537393601407,0.01073152211371474,0.014068484182519062,0.021306163188429345,0.039181989325843936,0.09796112665394835,0.09820238406680326,0.0393107493120413,0.021310869293868457,0.014113222110884352,0.010795934011949518,0.01076082433686748,0.009214315322971872,0.008801177510943309,0.009242406365270545,0.010793298417202335,0.014157647715026367,0.021387284936368073,0.03923800634075264,0.09719717507348427,0.09729281469430076,0.03881350085935153,0.02130053949005309,0.014113631068312468,0.014046395699546965,0.01069381376077172,0.009196851922657068,0.008736551394854908,0.009207464699738488,0.010742143181951658,0.014018263732491487,0.02121867914381359,0.0390932968840666,0.09820238406680315,0.09731239480558893,0.039295019058672775,0.021337335834240634,0.021267927504455136,0.014032766509958189,0.010714965522367781,0.009174032347127659,0.008765604958696965,0.009225096384251216,0.01069742988465798,0.014006280638630242,0.021319790095515198,0.03931074931204132,0.09729281469430073,0.09818990736731123,0.03910498314414862,0.03928956484087165,0.02145105674329062,0.014136206562491482,0.010753554841042678,0.009270857102289753,0.008832439052718855,0.009228270592944399,0.010727885894576128,0.01409585548013692,0.021310869293868495,0.03881350085935162,0.09731239480558895,0.09711094615462418,0.09809583558155624,0.03940899240698473,0.021301567600294474,0.01401271579707683,0.010754809257085496,0.009245204347694491,0.008761665533366256,0.00920202208898796,0.010772227420796684,0.014113222110884407,0.021300539490053075,0.03929501905867275,0.09818990736731113,0.09841291595054577,0.039013553472398155,0.021219282041661347,0.014113356909190605,0.01078438220202188,0.009222781836756386,0.0087766103870483,0.009267145597181982,0.01079593401194956,0.014113631068312538,0.021337335834240693,0.03910498314414858,0.09711094615462404
52,-0.05000000000000002,0.04999999999999999,0.0,0.09687229598841521,0.0390583641202395,0.021353068939598124,0.014050566941895382,0.010672581928488592,0.00915494343755728,0.0087558222975586,0.00920968820293163,0.010735332094093053,0.0140234604451197,0.021253034709616092,0.039292641694855565,0.09812696401895292,0.0978813662078627,0.039214236074929645,0.021206116674916384,0.0139406500604451,0.010618303629874808,0.009143451561067828,0.008712456253674537,0.009177293611906428,0.010653736665403882,0.013994218837378936,0.021424193458471522,0.039408154747565115,0.09844997769911161,0.09687229598841514,0.09748567103356695,0.03897990417871455,0.021251984844806705,0.014008024895375011,0.010703316921380508,0.009189328582292884,0.00876676194249538,0.009152877024119488,0.010663635670162517,0.014085160398471122,0.021265625145929362,0.03900946899390928,0.03905836412023944,0.09788136620786284,0.097682399454962,0.03938486920070561,0.021355844989495054,0.01406504021847061,0.010723591235518769,0.009224449846047008,0.008705365877365681,0.009128686505961062,0.010697165814931603,0.013956255348777254,0.021178764730849113,0.021353068939598097,0.03921423607492964,0.0974856710335669,0.09830124690342923,0.03921831801350474,0.02129464450253985,0.014077292160329952,0.010794587680207409,0.009196640733870854,0.00873904448434925,0.009227141427249097,0.010699159347769431,0.014057341815917446,0.014050566941895375,0.02120611667491642,0.03897990417871462,0.097682399454962,0.09704027339863223,0.039010815977772895,0.021322558647965496,0.014171604840530769,0.010749008171039685,0.009219726681472532,0.008810003808161153,0.00920527223782535,0.010732828357738575,0.01067258192848864,0.013940650060445182,0.02125198484480678,0.03938486920070566,0.09830124690342937,0.0976524713326809,0.03919603325592313,0.02140346885408122,0.01403340921778539,0.010706369270821556,0.009224424203982028,0.008740417096827782,0.00918499729003891,0.00915494343755724,0.0106183036298748,0.014008024895374997,0.021355844989495026,0.03921831801350474,0.09704027339863219,0.09796843865723386,0.039249879256681455,0.02123425571619461,0.01402140057068936,0.010735506685259046,0.00919490860957059,0.008751904644111907,0.008755822297558585,0.009143451561067835,0.010703316921380532,0.01406504021847059,0.021294644502539872,0.03901081597777292,0.09765247133268118,0.0972036809920571,0.03910615001702759,0.021336281270803614,0.014109286512622731,0.010773952001398517,0.009251669089738512,0.009209688202931582,0.008712456253674547,0.009189328582292919,0.010723591235518734,0.014077292160329949,0.02132255864796552,0.039196033255923274,0.09796843865723395,0.09821357886312476,0.03932740079375636,0.021327115273572624,0.014119991819180194,0.010785987932630081,0.010735332094093011,0.009177293611906445,0.008766761942495371,0.009224449846047006,0.01079458768020733,0.014171604840530844,0.02140346885408151,0.039249879256681414,0.09720368099205709,0.09731093031706248,0.038832222063852055,0.021311008748870527,0.014107401536967545,0.014023460445119651,0.010653736665404034,0.009152877024119432,0.008705365877365812,0.009196640733870776,0.010749008171039798,0.014033409217785897,0.021234255716194583,0.03910615001702766,0.09821357886312443,0.0973346884923573,0.039310281106038125,0.02133628229137824,0.021253034709616064,0.013994218837378919,0.010663635670162541,0.009128686505961048,0.008739044484349229,0.009219726681472501,0.010706369270821442,0.014021400570689402,0.021336281270803586,0.03932740079375638,0.0973109303170625,0.0982132444735728,0.03911392619695217,0.03929264169485586,0.021424193458471463,0.014085160398471075,0.010697165814931575,0.009227141427249175,0.008810003808161049,0.009224424203981674,0.010735506685259133,0.01410928651262272,0.0213271152735727,0.03883222206385209,0.0973346884923573,0.09713719441288421,0.09812696401895307,0.03940815474756518,0.021265625145929307,0.013956255348777258,0.010699159347769521,0.009205272237825274,0.008740417096827643,0.009194908609570632,0.010773952001398537,0.014119991819180194,0.021311008748870597,0.03931028110603822,0.0982132444735728,0.09844997769911162,0.03900946899390931,0.021178764730849037,0.014057341815917515,0.010732828357738547,0.009184997290038827,0.008751904644111921,0.009251669089738498,0.010785987932630088,0.014107401536967552,0.02133628229137834,0.03911392619695206,0.09713719441288438
53,-0.05000000000000002,0.04999999999999999,0.0,0.09687229598841521,0.0390583641202395,0.021353068939598124,0.014050566941895382,0.010672581928488592,0.00915494343755728,0.0087558222975586,0.00920968820293163,0.010735332094093053,0.0140234604451197,0.021253034709616092,0.039292641694855565,0.09812696401895292,0.0978813662078627,0.039214236074929645,0.021206116674916384,0.0139406500604451,0.010618303629874808,0.009143451561067828,0.008712456253674537,0.009177293611906428,0.010653736665403882,0.013994218837378936,0.021424193458471522,0.039408154747565115,0.09844997769911161,0.09687229598841514,0.09748567103356695,0.03897990417871455,0.021251984844806705,0.014008024895375011,0.010703316921380508,0.009189328582292884,0.00876676194249538,0.009152877024119488,0.010663635670162517,0.014085160398471122,0.021265625145929362,0.03900946899390928,0.03905836412023944,0.09788136620786284,0.097682399454962,0.03938486920070561,0.021355844989495054,0.01406504021847061,0.010723591235518769,0.009224449846047008,0.008705365877365681,0.009128686505961062,0.010697165814931603,0.013956255348777254,0.021178764730849113,0.021353068939598097,0.03921423607492964,0.0974856710335669,0.09830124690342923,0.03921831801350474,0.02129464450253985,0.014077292160329952,0.010794587680207409,0.009196640733870854,0.00873904448434925,0.009227141427249097,0.010699159347769431,0.014057341815917446,0.014050566941895375,0.02120611667491642,0.03897990417871462,0.097682399454962,0.09704027339863223,0.039010815977772895,0.021322558647965496,0.014171604840530769,0.010749008171039685,0.009219726681472532,0.008810003808161153,0.00920527223782535,0.010732828357738575,0.01067258192848864,0.013940650060445182,0.02125198484480678,0.03938486920070566,0.09830124690342937,0.0976524713326809,0.03919603325592313,0.02140346885408122,0.01403340921778539,0.010706369270821556,0.009224424203982028,0.008740417096827782,0.00918499729003891,0.00915494343755724,0.0106183036298748,0.014008024895374997,0.021355844989495026,0.03921831801350474,0.09704027339863219,0.09796843865723386,0.039249879256681455,0.02123425571619461,0.01402140057068936,0.010735506685259046,0.00919490860957059,0.008751904644111907,0.008755822297558585,0.009143451561067835,0.010703316921380532,0.01406504021847059,0.021294644502539872,0.03901081597777292,0.09765247133268118,0.0972036809920571,0.03910615001702759,0.021336281270803614,0.014109286512622731,0.010773952001398517,0.009251669089738512,0.009209688202931582,0.008712456253674547,0.009189328582292919,0.010723591235518734,0.014077292160329949,0.02132255864796552,0.039196033255923274,0.09796843865723395,0.09821357886312476,0.03932740079375636,0.021327115273572624,0.014119991819180194,0.010785987932630081,0.010735332094093011,0.009177293611906445,0.008766761942495371,0.009224449846047006,0.01079458768020733,0.014171604840530844,0.02140346885408151,0.039249879256681414,0.09720368099205709,0.09731093031706248,0.038832222063852055,0.021311008748870527,0.014107401536967545,0.014023460445119651,0.010653736665404034,0.009152877024119432,0.008705365877365812,0.009196640733870776,0.010749008171039798,0.014033409217785897,0.021234255716194583,0.03910615001702766,0.09821357886312443,0.0973346884923573,0.039310281106038125,0.02133628229137824,0.021253034709616064,0.013994218837378919,0.010663635670162541,0.009128686505961048,0.008739044484349229,0.009219726681472501,0.010706369270821442,0.014021400570689402,0.021336281270803586,0.03932740079375638,0.0973109303170625,0.0982132444735728,0.03911392619695217,0.03929264169485586,0.021424193458471463,0.014085160398471075,0.010697165814931575,0.009227141427249175,0.008810003808161049,0.009224424203981674,0.010735506685259133,0.01410928651262272,0.0213271152735727,0.03883222206385209,0.0973346884923573,0.09713719441288421,0.09812696401895307,0.03940815474756518,0.021265625145929307,0.013956255348777258,0.010699159347769521,0.009205272237825274,0.008740417096827643,0.009194908609570632,0.010773952001398537,0.014119991819180194,0.021311008748870597,0.03931028110603822,0.0982132444735728,0.09844997769911162,0.03900946899390931,0.021178764730849037,0.014057341815917515,0.010732828357738547,0.009184997290038827,0.008751904644111921,0.009251669089738498,0.010785987932630088,0.014107401536967552,0.02133628229137834,0.03911392619695206,0.09713719441288438
54,-0.05000000000000002,0.04999999999999999,0.0,0.09687229598841521,0.0390583641202395,0.021353068939598124,0.014050566941895382,0.010672581928488592,0.00915494343755728,0.0087558222975586,0.00920968820293163,0.010735332094093053,0.0140234604451197,0.021253034709616092,0.039292641694855565,0.09812696401895292,0.0978813662078627,0.039214236074929645,0.021206116674916384,0.0139406500604451,0.010618303629874808,0.009143451561067828,0.008712456253674537,0.009177293611906428,0.010653736665403882,0.013994218837378936,0.021424193458471522,0.039408154747565115,0.09844997769911161,0.09687229598841514,0.09748567103356695,0.03897990417871455,0.021251984844806705,0.014008024895375011,0.010703316921380508,0.009189328582292884,0.00876676194249538,0.009152877024119488,0.010663635670162517,0.014085160398471122,0.021265625145929362,0.03900946899390928,0.03905836412023944,0.09788136620786284,0.097682399454962,0.03938486920070561,0.021355844989495054,0.01406504021847061,0.010723591235518769,0.009224449846047008,0.008705365877365681,0.009128686505961062,0.010697165814931603,0.013956255348777254,0.021178764730849113,0.021353068939598097,0.03921423607492964,0.0974856710335669,0.09830124690342923,0.03921831801350474,0.02129464450253985,0.014077292160329952,0.010794587680207409,0.009196640733870854,0.00873904448434925,0.009227141427249097,0.010699159347769431,0.014057341815917446,0.014050566941895375,0.02120611667491642,0.03897990417871462,0.097682399454962,0.09704027339863223,0.039010815977772895,0.021322558647965496,0.014171604840530769,0.010749008171039685,0.009219726681472532,0.008810003808161153,0.00920527223782535,0.010732828357738575,0.01067258192848864,0.013940650060445182,0.02125198484480678,0.03938486920070566,0.09830124690342937,0.0976524713326809,0.03919603325592313,0.02140346885408122,0.01403340921778539,0.010706369270821556,0.009224424203982028,0.008740417096827782,0.00918499729003891,0.00915494343755724,0.0106183036298748,0.014008024895374997,0.021355844989495026,0.03921831801350474,0.09704027339863219,0.09796843865723386,0.039249879256681455,0.02123425571619461,0.01402140057068936,0.010735506685259046,0.00919490860957059,0.008751904644111907,0.008755822297558585,0.009143451561067835,0.010703316921380532,0.01406504021847059,0.021294644502539872,0.03901081597777292,0.09765247133268118,0.0972036809920571,0.03910615001702759,0.021336281270803614,0.014109286512622731,0.010773952001398517,0.009251669089738512,0.009209688202931582,0.008712456253674547,0.009189328582292919,0.010723591235518734,0.014077292160329949,0.02132255864796552,0.039196033255923274,0.09796843865723395,0.09821357886312476,0.03932740079375636,0.021327115273572624,0.014119991819180194,0.010785987932630081,0.010735332094093011,0.009177293611906445,0.008766761942495371,0.009224449846047006,0.01079458768020733,0.014171604840530844,0.02140346885408151,0.039249879256681414,0.09720368099205709,0.09731093031706248,0.038832222063852055,0.021311008748870527,0.014107401536967545,0.014023460445119651,0.010653736665404034,0.009152877024119432,0.008705365877365812,0.009196640733870776,0.010749008171039798,0.014033409217785897,0.021234255716194583,0.03910615001702766,0.09821357886312443,0.0973346884923573,0.039310281106038125,0.02133628229137824,0.021253034709616064,0.013994218837378919,0.010663635670162541,0.009128686505961048,0.008739044484349229,0.009219726681472501,0.010706369270821442,0.014021400570689402,0.021336281270803586,0.03932740079375638,0.0973109303170625,0.0982132444735728,0.03911392619695217,0.03929264169485586,0.021424193458471463,0.014085160398471075,0.010697165814931575,0.009227141427249175,0.008810003808161049,0.009224424203981674,0.010735506685259133,0.01410928651262272,0.0213271152735727,0.03883222206385209,0.0973346884923573,0.09713719441288421,0.09812696401895307,0.03940815474756518,0.021265625145929307,0.013956255348777258,0.010699159347769521,0.009205272237825274,0.008740417096827643,0.009194908609570632,0.010773952001398537,0.014119991819180194,0.021311008748870597,0.03931028110603822,0.0982132444735728,0.09844997769911162,0.03900946899390931,0.021178764730849037,0.014057341815917515,0.010732828357738547,0.009184997290038827,0.008751904644111921,0.009251669089738498,0.010785987932630088,0.014107401536967552,0.02133628229137834,0.03911392619695206,0.09713719441288438
55,-0.05000000000000002,0.04999999999999999,0.0,0.09687229598841521,0.0390583641202395,0.021353068939598124,0.014050566941895382,0.010672581928488592,0.00915494343755728,0.0087558222975586,0.00920968820293163,0.010735332094093053,0.0140234604451197,0.021253034709616092,0.039292641694855565,0.09812696401895292,0.0978813662078627,0.039214236074929645,0.021206116674916384,0.0139406500604451,0.010618303629874808,0.009143451561067828,0.008712456253674537,0.009177293611906428,0.010653736665403882,0.013994218837378936,0.021424193458471522,0.039408154747565115,0.09844997769911161,0.09687229598841514,0.09748567103356695,0.03897990417871455,0.021251984844806705,0.014008024895375011,0.010703316921380508,0.009189328582292884,0.00876676194249538,0.009152877024119488,0.010663635670162517,0.014085160398471122,0.021265625145929362,0.03900946899390928,0.03905836412023944,0.09788136620786284,0.097682399454962,0.03938486920070561,0.021355844989495054,0.01406504021847061,0.010723591235518769,0.009224449846047008,0.008705365877365681,0.009128686505961062,0.010697165814931603,0.013956255348777254,0.021178764730849113,0.021353068939598097,0.03921423607492964,0.0974856710335669,0.09830124690342923,0.03921831801350474,0.02129464450253985,0.014077292160329952,0.010794587680207409,0.009196640733870854,0.00873904448434925,0.009227141427249097,0.010699159347769431,0.014057341815917446,0.014050566941895375,0.02120611667491642,0.03897990417871462,0.097682399454962,0.09704027339863223,0.039010815977772895,0.021322558647965496,0.014171604840530769,0.010749008171039685,0.009219726681472532,0.008810003808161153,0.00920527223782535,0.010732828357738575,0.01067258192848864,0.013940650060445182,0.02125198484480678,0.03938486920070566,0.09830124690342937,0.0976524713326809,0.03919603325592313,0.02140346885408122,0.01403340921778539,0.010706369270821556,0.009224424203982028,0.008740417096827782,0.00918499729003891,0.00915494343755724,0.0106183036298748,0.014008024895374997,0.021355844989495026,0.03921831801350474,0.09704027339863219,0.09796843865723386,0.039249879256681455,0.02123425571619461,0.01402140057068936,0.010735506685259046,0.00919490860957059,0.008751904644111907,0.008755822297558585,0.009143451561067835,0.010703316921380532,0.01406504021847059,0.021294644502539872,0.03901081597777292,0.09765247133268118,0.0972036809920571,0.03910615001702759,0.021336281270803614,0.014109286512622731,0.010773952001398517,0.009251669089738512,0.009209688202931582,0.008712456253674547,0.009189328582292919,0.010723591235518734,0.014077292160329949,0.02132255864796552,0.039196033255923274,0.09796843865723395,0.09821357886312476,0.03932740079375636,0.021327115273572624,0.014119991819180194,0.010785987932630081,0.010735332094093011,0.009177293611906445,0.008766761942495371,0.009224449846047006,0.01079458768020733,0.014171604840530844,0.02140346885408151,0.039249879256681414,0.09720368099205709,0.09731093031706248,0.038832222063852055,0.021311008748870527,0.014107401536967545,0.014023460445119651,0.010653736665404034,0.009152877024119432,0.008705365877365812,0.009196640733870776,0.010749008171039798,0.014033409217785897,0.021234255716194583,0.03910615001702766,0.09821357886312443,0.0973346884923573,0.039310281106038125,0.02133628229137824,0.021253034709616064,0.013994218837378919,0.010663635670162541,0.009128686505961048,0.008739044484349229,0.009219726681472501,0.010706369270821442,0.014021400570689402,0.021336281270803586,0.03932740079375638,0.0973109303170625,0.0982132444735728,0.03911392619695217,0.03929264169485586,0.021424193458471463,0.014085160398471075,0.010697165814931575,0.009227141427249175,0.008810003808161049,0.009224424203981674,0.010735506685259133,0.01410928651262272,0.0213271152735727,0.03883222206385209,0.0973346884923573,0.09713719441288421,0.09812696401895307,0.03940815474756518,0.021265625145929307,0.013956255348777258,0.010699159347769521,0.009205272237825274,0.008740417096827643,0.009194908609570632,0.010773952001398537,0.014119991819180194,0.021311008748870597,0.03931028110603822,0.0982132444735728,0.09844997769911162,0.03900946899390931,0.021178764730849037,0.014057341815917515,0.010732828357738547,0.009184997290038827,0.008751904644111921,0.009251669089738498,0.010785987932630088,0.014107401536967552,0.02133628229137834,0.03911392619695206,0.09713719441288438
56,-0.05000000000000002,0.04999999999999999,0.0,0.09687229598841521,0.0390583641202395,0.021353068939598124,0.014050566941895382,0.010672581928488592,0.00915494343755728,0.0087558222975586,0.00920968820293163,0.010735332094093053,0.0140234604451197,0.021253034709616092,0.039292641694855565,0.09812696401895292,0.0978813662078627,0.039214236074929645,0.021206116674916384,0.0139406500604451,0.010618303629874808,0.009143451561067828,0.008712456253674537,0.009177293611906428,0.010653736665403882,0.013994218837378936,0.021424193458471522,0.039408154747565115,0.09844997769911161,0.09687229598841514,0.09748567103356695,0.03897990417871455,0.021251984844806705,0.014008024895375011,0.010703316921380508,0.009189328582292884,0.00876676194249538,0.009152877024119488,0.010663635670162517,0.014085160398471122,0.021265625145929362,0.03900946899390928,0.03905836412023944,0.09788136620786284,0.097682399454962,0.03938486920070561,0.021355844989495054,0.01406504021847061,0.010723591235518769,0.009224449846047008,0.008705365877365681,0.009128686505961062,0.010697165814931603,0.013956255348777254,0.021178764730849113,0.021353068939598097,0.03921423607492964,0.0974856710335669,0.09830124690342923,0.03921831801350474,0.02129464450253985,0.014077292160329952,0.010794587680207409,0.009196640733870854,0.00873904448434925,0.009227141427249097,0.010699159347769431,0.014057341815917446,0.014050566941895375,0.02120611667491642,0.03897990417871462,0.097682399454962,0.09704027339863223,0.039010815977772895,0.021322558647965496,0.014171604840530769,0.010749008171039685,0.009219726681472532,0.008810003808161153,0.00920527223782535,0.010732828357738575,0.01067258192848864,0.013940650060445182,0.02125198484480678,0.03938486920070566,0.09830124690342937,0.0976524713326809,0.03919603325592313,0.02140346885408122,0.01403340921778539,0.010706369270821556,0.009224424203982028,0.008740417096827782,0.00918499729003891,0.00915494343755724,0.0106183036298748,0.014008024895374997,0.021355844989495026,0.03921831801350474,0.09704027339863219,0.09796843865723386,0.039249879256681455,0.02123425571619461,0.01402140057068936,0.010735506685259046,0.00919490860957059,0.008751904644111907,0.008755822297558585,0.009143451561067835,0.010703316921380532,0.01406504021847059,0.021294644502539872,0.03901081597777292,0.09765247133268118,0.0972036809920571,0.03910615001702759,0.021336281270803614,0.014109286512622731,0.010773952001398517,0.009251669089738512,0.009209688202931582,0.008712456253674547,0.009189328582292919,0.010723591235518734,0.014077292160329949,0.02132255864796552,0.039196033255923274,0.09796843865723395,0.09821357886312476,0.03932740079375636,0.021327115273572624,0.014119991819180194,0.010785987932630081,0.010735332094093011,0.009177293611906445,0.008766761942495371,0.009224449846047006,0.01079458768020733,0.014171604840530844,0.02140346885408151,0.039249879256681414,0.09720368099205709,0.09731093031706248,0.038832222063852055,0.021311008748870527,0.014107401536967545,0.014023460445119651,0.010653736665404034,0.009152877024119432,0.008705365877365812,0.009196640733870776,0.010749008171039798,0.014033409217785897,0.021234255716194583,0.03910615001702766,0.09821357886312443,0.0973346884923573,0.039310281106038125,0.02133628229137824,0.021253034709616064,0.013994218837378919,0.010663635670162541,0.009128686505961048,0.008739044484349229,0.009219726681472501,0.010706369270821442,0.014021400570689402,0.021336281270803586,0.03932740079375638,0.0973109303170625,0.0982132444735728,0.03911392619695217,0.03929264169485586,0.021424193458471463,0.014085160398471075,0.010697165814931575,0.009227141427249175,0.008810003808161049,0.009224424203981674,0.010735506685259133,0.01410928651262272,0.0213271152735727,0.03883222206385209,0.0973346884923573,0.09713719441288421,0.09812696401895307,0.03940815474756518,0.021265625145929307,0.013956255348777258,0.010699159347769521,0.009205272237825274,0.008740417096827643,0.009194908609570632,0.010773952001398537,0.014119991819180194,0.021311008748870597,0.03931028110603822,0.0982132444735728,0.09844997769911162,0.03900946899390931,0.021178764730849037,0.014057341815917515,0.010732828357738547,0.009184997290038827,0.008751904644111921,0.009251669089738498,0.010785987932630088,0.014107401536967552,0.02133628229137834,0.03911392619695206,0.09713719441288438
57,-0.05000000000000002,0.04999999999999999,0.0,0.09687229598841521,0.0390583641202395,0.021353068939598124,0.014050566941895382,0.010672581928488592,0.00915494343755728,0.0087558222975586,0.00920968820293163,0.010735332094093053,0.0140234604451197,0.021253034709616092,0.039292641694855565,0.09812696401895292,0.0978813662078627,0.039214236074929645,0.021206116674916384,0.0139406500604451,0.010618303629874808,0.009143451561067828,0.008712456253674537,0.009177293611906428,0.010653736665403882,0.013994218837378936,0.021424193458471522,0.039408154747565115,0.09844997769911161,0.09687229598841514,0.09748567103356695,0.03897990417871455,0.021251984844806705,0.014008024895375011,0.010703316921380508,0.009189328582292884,0.00876676194249538,0.009152877024119488,0.010663635670162517,0.014085160398471122,0.021265625145929362,0.03900946899390928,0.03905836412023944,0.09788136620786284,0.097682399454962,0.03938486920070561,0.021355844989495054,0.01406504021847061,0.010723591235518769,0.009224449846047008,0.008705365877365681,0.009128686505961062,0.010697165814931603,0.013956255348777254,0.021178764730849113,0.021353068939598097,0.03921423607492964,0.0974856710335669,0.09830124690342923,0.03921831801350474,0.02129464450253985,0.014077292160329952,0.010794587680207409,0.009196640733870854,0.00873904448434925,0.009227141427249097,0.010699159347769431,0.014057341815917446,0.014050566941895375,0.02120611667491642,0.03897990417871462,0.097682399454962,0.09704027339863223,0.039010815977772895,0.021322558647965496,0.014171604840530769,0.010749008171039685,0.009219726681472532,0.008810003808161153,0.00920527223782535,0.010732828357738575,0.01067258192848864,0.013940650060445182,0.02125198484480678,0.03938486920070566,0.09830124690342937,0.0976524713326809,0.03919603325592313,0.02140346885408122,0.01403340921778539,0.010706369270821556,0.009224424203982028,0.008740417096827782,0.00918499729003891,0.00915494343755724,0.0106183036298748,0.014008024895374997,0.021355844989495026,0.03921831801350474,0.09704027339863219,0.09796843865723386,0.039249879256681455,0.02123425571619461,0.01402140057068936,0.010735506685259046,0.00919490860957059,0.008751904644111907,0.008755822297558585,0.009143451561067835,0.010703316921380532,0.01406504021847059,0.021294644502539872,0.03901081597777292,0.09765247133268118,0.0972036809920571,0.03910615001702759,0.021336281270803614,0.014109286512622731,0.010773952001398517,0.009251669089738512,0.009209688202931582,0.008712456253674547,0.009189328582292919,0.010723591235518734,0.014077292160329949,0.02132255864796552,0.039196033255923274,0.09796843865723395,0.09821357886312476,0.03932740079375636,0.021327115273572624,0.014119991819180194,0.010785987932630081,0.010735332094093011,0.009177293611906445,0.008766761942495371,0.009224449846047006,0.01079458768020733,0.014171604840530844,0.02140346885408151,0.039249879256681414,0.09720368099205709,0.09731093031706248,0.038832222063852055,0.021311008748870527,0.014107401536967545,0.014023460445119651,0.010653736665404034,0.009152877024119432,0.008705365877365812,0.009196640733870776,0.010749008171039798,0.014033409217785897,0.021234255716194583,0.03910615001702766,0.09821357886312443,0.0973346884923573,0.039310281106038125,0.02133628229137824,0.021253034709616064,0.013994218837378919,0.010663635670162541,0.009128686505961048,0.008739044484349229,0.009219726681472501,0.010706369270821442,0.014021400570689402,0.021336281270803586,0.03932740079375638,0.0973109303170625,0.0982132444735728,0.03911392619695217,0.03929264169485586,0.021424193458471463,0.014085160398471075,0.010697165814931575,0.009227141427249175,0.008810003808161049,0.009224424203981674,0.010735506685259133,0.01410928651262272,0.0213271152735727,0.03883222206385209,0.0973346884923573,0.09713719441288421,0.09812696401895307,0.03940815474756518,0.021265625145929307,0.013956255348777258,0.010699159347769521,0.009205272237825274,0.008740417096827643,0.009194908609570632,0.010773952001398537,0.014119991819180194,0.021311008748870597,0.03931028110603822,0.0982132444735728,0.09844997769911162,0.03900946899390931,0.021178764730849037,0.014057341815917515,0.010732828357738547,0.009184997290038827,0.008751904644111921,0.009251669089738498,0.010785987932630088,0.014107401536967552,0.02133628229137834,0.03911392619695206,0.09713719441288438
58,-0.05000000000000002,0.04999999999999999,0.05,0.09687229598841521,0.0390583641202395,0.021353068939598124,0.014050566941895382,0.010672581928488592,0.00915494343755728,0.0087558222975586,0.00920968820293163,0.010735332094093053,0.0140234604451197,0.021253034709616092,0.039292641694855565,0.09812696401895292,0.0978813662078627,0.039214236074929645,0.021206116674916384,0.0139406500604451,0.010618303629874808,0.009143451561067828,0.008712456253674537,0.009177293611906428,0.010653736665403882,0.013994218837378936,0.021424193458471522,0.039408154747565115,0.09844997769911161,0.09687229598841514,0.09748567103356695,0.03897990417871455,0.021251984844806705,0.014008024895375011,0.010703316921380508,0.009189328582292884,0.00876676194249538,0.009152877024119488,0.010663635670162517,0.014085160398471122,0.021265625145929362,0.03900946899390928,0.03905836412023944,0.09788136620786284,0.097682399454962,0.03938486920070561,0.021355844989495054,0.01406504021847061,0.010723591235518769,0.009224449846047008,0.008705365877365681,0.009128686505961062,0.010697165814931603,0.013956255348777254,0.021178764730849113,0.021353068939598097,0.03921423607492964,0.0974856710335669,0.09830124690342923,0.03921831801350474,0.02129464450253985,0.014077292160329952,0.010794587680207409,0.009196640733870854,0.00873904448434925,0.009227141427249097,0.010699159347769431,0.014057341815917446,0.014050566941895375,0.02120611667491642,0.03897990417871462,0.097682399454962,0.09704027339863223,0.039010815977772895,0.021322558647965496,0.014171604840530769,0.010749008171039685,0.009219726681472532,0.008810003808161153,0.00920527223782535,0.010732828357738575,0.01067258192848864,0.013940650060445182,0.02125198484480678,0.03938486920070566,0.09830124690342937,0.0976524713326809,0.03919603325592313,0.02140346885408122,0.01403340921778539,0.010706369270821556,0.009224424203982028,0.008740417096827782,0.00918499729003891,0.00915494343755724,0.0106183036298748,0.014008024895374997,0.021355844989495026,0.03921831801350474,0.09704027339863219,0.09796843865723386,0.039249879256681455,0.02123425571619461,0.01402140057068936,0.010735506685259046,0.00919490860957059,0.008751904644111907,0.008755822297558585,0.009143451561067835,0.010703316921380532,0.01406504021847059,0.021294644502539872,0.03901081597777292,0.09765247133268118,0.0972036809920571,0.03910615001702759,0.021336281270803614,0.014109286512622731,0.010773952001398517,0.009251669089738512,0.009209688202931582,0.008712456253674547,0.009189328582292919,0.010723591235518734,0.014077292160329949,0.02132255864796552,0.039196033255923274,0.09796843865723395,0.09821357886312476,0.03932740079375636,0.021327115273572624,0.014119991819180194,0.010785987932630081,0.010735332094093011,0.009177293611906445,0.008766761942495371,0.009224449846047006,0.01079458768020733,0.014171604840530844,0.02140346885408151,0.039249879256681414,0.09720368099205709,0.09731093031706248,0.038832222063852055,0.021311008748870527,0.014107401536967545,0.014023460445119651,0.010653736665404034,0.009152877024119432,0.008705365877365812,0.009196640733870776,0.010749008171039798,0.014033409217785897,0.021234255716194583,0.03910615001702766,0.09821357886312443,0.0973346884923573,0.039310281106038125,0.02133628229137824,0.021253034709616064,0.013994218837378919,0.010663635670162541,0.009128686505961048,0.008739044484349229,0.009219726681472501,0.010706369270821442,0.014021400570689402,0.021336281270803586,0.03932740079375638,0.0973109303170625,0.0982132444735728,0.03911392619695217,0.03929264169485586,0.021424193458471463,0.014085160398471075,0.010697165814931575,0.009227141427249175,0.008810003808161049,0.009224424203981674,0.010735506685259133,0.01410928651262272,0.0213271152735727,0.03883222206385209,0.0973346884923573,0.09713719441288421,0.09812696401895307,0.03940815474756518,0.021265625145929307,0.013956255348777258,0.010699159347769521,0.009205272237825274,0.008740417096827643,0.009194908609570632,0.010773952001398537,0.014119991819180194,0.021311008748870597,0.03931028110603822,0.0982132444735728,0.09844997769911162,0.03900946899390931,0.021178764730849037,0.014057341815917515,0.010732828357738547,0.009184997290038827,0.008751904644111921,0.009251669089738498,0.010785987932630088,0.014107401536967552,0.02133628229137834,0.03911392619695206,0.09713719441288438
59,-0.05000000000000002,0.04999999999999999,0.05,0.09687229598841521,0.0390583641202395,0.021353068939598124,0.014050566941895382,0.010672581928488592,0.00915494343755728,0.0087558222975586,0.00920968820293163,0.010735332094093053,0.0140234604451197,0.021253034709616092,0.039292641694855565,0.09812696401895292,0.0978813662078627,0.039214236074929645,0.021206116674916384,0.0139406500604451,0.010618303629874808,0.009143451561067828,0.008712456253674537,0.009177293611906428,0.010653736665403882,0.013994218837378936,0.021424193458471522,0.039408154747565115,0.09844997769911161,0.09687229598841514,0.09748567103356695,0.03897990417871455,0.021251984844806705,0.014008024895375011,0.010703316921380508,0.009189328582292884,0.00876676194249538,0.009152877024119488,0.010663635670162517,0.014085160398471122,0.021265625145929362,0.03900946899390928,0.03905836412023944,0.09788136620786284,0.097682399454962,0.03938486920070561,0.021355844989495054,0.01406504021847061,0.010723591235518769,0.009224449846047008,0.008705365877365681,0.009128686505961062,0.010697165814931603,0.013956255348777254,0.021178764730849113,0.021353068939598097,0.03921423607492964,0.0974856710335669,0.09830124690342923,0.03921831801350474,0.02129464450253985,0.014077292160329952,0.010794587680207409,0.009196640733870854,0.00873904448434925,0.009227141427249097,0.010699159347769431,0.014057341815917446,0.014050566941895375,0.02120611667491642,0.03897990417871462,0.097682399454962,0.09704027339863223,0.039010815977772895,0.021322558647965496,0.014171604840530769,0.010749008171039685,0.009219726681472532,0.008810003808161153,0.00920527223782535,0.010732828357738575,0.01067258192848864,0.013940650060445182,0.02125198484480678,0.03938486920070566,0.09830124690342937,0.0976524713326809,0.03919603325592313,0.02140346885408122,0.01403340921778539,0.010706369270821556,0.009224424203982028,0.008740417096827782,0.00918499729003891,0.00915494343755724,0.0106183036298748,0.014008024895374997,0.021355844989495026,0.03921831801350474,0.09704027339863219,0.09796843865723386,0.039249879256681455,0.02123425571619461,0.01402140057068936,0.010735506685259046,0.00919490860957059,0.008751904644111907,0.008755822297558585,0.009143451561067835,0.010703316921380532,0.01406504021847059,0.021294644502539872,0.03901081597777292,0.09765247133268118,0.0972036809920571,0.03910615001702759,0.021336281270803614,0.014109286512622731,0.010773952001398517,0.009251669089738512,0.009209688202931582,0.008712456253674547,0.009189328582292919,0.010723591235518734,0.014077292160329949,0.02132255864796552,0.039196033255923274,0.09796843865723395,0.09821357886312476,0.03932740079375636,0.021327115273572624,0.014119991819180194,0.010785987932630081,0.010735332094093011,0.009177293611906445,0.008766761942495371,0.009224449846047006,0.01079458768020733,0.014171604840530844,0.02140346885408151,0.039249879256681414,0.09720368099205709,0.09731093031706248,0.038832222063852055,0.021311008748870527,0.014107401536967545,0.014023460445119651,0.010653736665404034,0.009152877024119432,0.008705365877365812,0.009196640733870776,0.010749008171039798,0.014033409217785897,0.021234255716194583,0.03910615001702766,0.09821357886312443,0.0973346884923573,0.039310281106038125,0.02133628229137824,0.021253034709616064,0.013994218837378919,0.010663635670162541,0.009128686505961048,0.008739044484349229,0.009219726681472501,0.010706369270821442,0.014021400570689402,0.021336281270803586,0.03932740079375638,0.0973109303170625,0.0982132444735728,0.03911392619695217,0.03929264169485586,0.021424193458471463,0.014085160398471075,0.010697165814931575,0.009227141427249175,0.008810003808161049,0.009224424203981674,0.010735506685259133,0.01410928651262272,0.0213271152735727,0.03883222206385209,0.0973346884923573,0.09713719441288421,0.09812696401895307,0.03940815474756518,0.021265625145929307,0.013956255348777258,0.010699159347769521,0.009205272237825274,0.008740417096827643,0.009194908609570632,0.010773952001398537,0.014119991819180194,0.021311008748870597,0.03931028110603822,0.0982132444735728,0.09844997769911162,0.03900946899390931,0.021178764730849037,0.014057341815917515,0.010732828357738547,0.009184997290038827,0.008751904644111921,0.009251669089738498,0.010785987932630088,0.014107401536967552,0.02133628229137834,0.03911392619695206,0.09713719441288438
60,-0.05000000000000002,0.04999999999999999,0.1,0.09687229598841521,0.0390583641202395,0.021353068939598124,0.014050566941895382,0.010672581928488592,0.00915494343755728,0.0087558222975586,0.00920968820293163,0.010735332094093053,0.0140234604451197,0.021253034709616092,0.039292641694855565,0.09812696401895292,0.0978813662078627,0.039214236074929645,0.021206116674916384,0.0139406500604451,0.010618303629874808,0.009143451561067828,0.008712456253674537,0.009177293611906428,0.010653736665403882,0.013994218837378936,0.021424193458471522,0.039408154747565115,0.09844997769911161,0.09687229598841514,0.09748567103356695,0.03897990417871455,0.021251984844806705,0.014008024895375011,0.010703316921380508,0.009189328582292884,0.00876676194249538,0.009152877024119488,0.010663635670162517,0.014085160398471122,0.021265625145929362,0.03900946899390928,0.03905836412023944,0.09788136620786284,0.097682399454962,0.03938486920070561,0.021355844989495054,0.01406504021847061,0.010723591235518769,0.009224449846047008,0.008705365877365681,0.009128686505961062,0.010697165814931603,0.013956255348777254,0.021178764730849113,0.021353068939598097,0.03921423607492964,0.0974856710335669,0.09830124690342923,0.03921831801350474,0.02129464450253985,0.014077292160329952,0.010794587680207409,0.009196640733870854,0.00873904448434925,0.009227141427249097,0.010699159347769431,0.014057341815917446,0.014050566941895375,0.02120611667491642,0.03897990417871462,0.097682399454962,0.09704027339863223,0.039010815977772895,0.021322558647965496,0.014171604840530769,0.010749008171039685,0.009219726681472532,0.008810003808161153,0.00920527223782535,0.010732828357738575,0.01067258192848864,0.013940650060445182,0.02125198484480678,0.03938486920070566,0.09830124690342937,0.0976524713326809,0.03919603325592313,0.02140346885408122,0.01403340921778539,0.010706369270821556,0.009224424203982028,0.008740417096827782,0.00918499729003891,0.00915494343755724,0.0106183036298748,0.014008024895374997,0.021355844989495026,0.03921831801350474,0.09704027339863219,0.09796843865723386,0.039249879256681455,0.02123425571619461,0.01402140057068936,0.010735506685259046,0.00919490860957059,0.008751904644111907,0.008755822297558585,0.009143451561067835,0.010703316921380532,0.01406504021847059,0.021294644502539872,0.03901081597777292,0.09765247133268118,0.0972036809920571,0.03910615001702759,0.021336281270803614,0.014109286512622731,0.010773952001398517,0.009251669089738512,0.009209688202931582,0.008712456253674547,0.009189328582292919,0.010723591235518734,0.014077292160329949,0.02132255864796552,0.039196033255923274,0.09796843865723395,0.09821357886312476,0.03932740079375636,0.021327115273572624,0.014119991819180194,0.010785987932630081,0.010735332094093011,0.009177293611906445,0.008766761942495371,0.009224449846047006,0.01079458768020733,0.014171604840530844,0.02140346885408151,0.039249879256681414,0.09720368099205709,0.09731093031706248,0.038832222063852055,0.021311008748870527,0.014107401536967545,0.014023460445119651,0.010653736665404034,0.009152877024119432,0.008705365877365812,0.009196640733870776,0.010749008171039798,0.014033409217785897,0.021234255716194583,0.03910615001702766,0.09821357886312443,0.0973346884923573,0.039310281106038125,0.02133628229137824,0.021253034709616064,0.013994218837378919,0.010663635670162541,0.009128686505961048,0.008739044484349229,0.009219726681472501,0.010706369270821442,0.014021400570689402,0.021336281270803586,0.03932740079375638,0.0973109303170625,0.0982132444735728,0.03911392619695217,0.03929264169485586,0.021424193458471463,0.014085160398471075,0.010697165814931575,0.009227141427249175,0.008810003808161049,0.009224424203981674,0.010735506685259133,0.01410928651262272,0.0213271152735727,0.03883222206385209,0.0973346884923573,0.09713719441288421,0.09812696401895307,0.03940815474756518,0.021265625145929307,0.013956255348777258,0.010699159347769521,0.009205272237825274,0.008740417096827643,0.009194908609570632,0.010773952001398537,0.014119991819180194,0.021311008748870597,0.03931028110603822,0.0982132444735728,0.09844997769911162,0.03900946899390931,0.021178764730849037,0.014057341815917515,0.010732828357738547,0.009184997290038827,0.008751904644111921,0.009251669089738498,0.010785987932630088,0.014107401536967552,0.02133628229137834,0.03911392619695206,0.09713719441288438
61,-0.05000000000000002,0.04999999999999999,0.1,0.09687229598841521,0.0390583641202395,0.021353068939598124,0.014050566941895382,0.010672581928488592,0.00915494343755728,0.0087558222975586,0.00920968820293163,0.010735332094093053,0.0140234604451197,0.021253034709616092,0.039292641694855565,0.09812696401895292,0.0978813662078627,0.039214236074929645,0.021206116674916384,0.0139406500604451,0.010618303629874808,0.009143451561067828,0.008712456253674537,0.009177293611906428,0.010653736665403882,0.013994218837378936,0.021424193458471522,0.039408154747565115,0.09844997769911161,0.09687229598841514,0.09748567103356695,0.03897990417871455,0.021251984844806705,0.014008024895375011,0.010703316921380508,0.009189328582292884,0.00876676194249538,0.009152877024119488,0.010663635670162517,0.014085160398471122,0.021265625145929362,0.03900946899390928,0.03905836412023944,0.09788136620786284,0.097682399454962,0.03938486920070561,0.021355844989495054,0.01406504021847061,0.010723591235518769,0.009224449846047008,0.008705365877365681,0.009128686505961062,0.010697165814931603,0.013956255348777254,0.021178764730849113,0.021353068939598097,0.03921423607492964,0.0974856710335669,0.09830124690342923,0.03921831801350474,0.02129464450253985,0.014077292160329952,0.010794587680207409,0.009196640733870854,0.00873904448434925,0.009227141427249097,0.010699159347769431,0.014057341815917446,0.014050566941895375,0.02120611667491642,0.03897990417871462,0.097682399454962,0.09704027339863223,0.039010815977772895,0.021322558647965496,0.014171604840530769,0.010749008171039685,0.009219726681472532,0.008810003808161153,0.00920527223782535,0.010732828357738575,0.01067258192848864,0.013940650060445182,0.02125198484480678,0.03938486920070566,0.09830124690342937,0.0976524713326809,0.03919603325592313,0.02140346885408122,0.01403340921778539,0.010706369270821556,0.009224424203982028,0.008740417096827782,0.00918499729003891,0.00915494343755724,0.0106183036298748,0.014008024895374997,0.021355844989495026,0.03921831801350474,0.09704027339863219,0.09796843865723386,0.039249879256681455,0.02123425571619461,0.01402140057068936,0.010735506685259046,0.00919490860957059,0.008751904644111907,0.008755822297558585,0.009143451561067835,0.010703316921380532,0.01406504021847059,0.021294644502539872,0.03901081597777292,0.09765247133268118,0.0972036809920571,0.03910615001702759,0.021336281270803614,0.014109286512622731,0.010773952001398517,0.009251669089738512,0.009209688202931582,0.008712456253674547,0.009189328582292919,0.010723591235518734,0.014077292160329949,0.02132255864796552,0.039196033255923274,0.09796843865723395,0.09821357886312476,0.03932740079375636,0.021327115273572624,0.014119991819180194,0.010785987932630081,0.010735332094093011,0.009177293611906445,0.008766761942495371,0.009224449846047006,0.01079458768020733,0.014171604840530844,0.02140346885408151,0.039249879256681414,0.09720368099205709,0.09731093031706248,0.038832222063852055,0.021311008748870527,0.014107401536967545,0.014023460445119651,0.010653736665404034,0.009152877024119432,0.008705365877365812,0.009196640733870776,0.010749008171039798,0.014033409217785897,0.021234255716194583,0.03910615001702766,0.09821357886312443,0.0973346884923573,0.039310281106038125,0.02133628229137824,0.021253034709616064,0.013994218837378919,0.010663635670162541,0.009128686505961048,0.008739044484349229,0.009219726681472501,0.010706369270821442,0.014021400570689402,0.021336281270803586,0.03932740079375638,0.0973109303170625,0.0982132444735728,0.03911392619695217,0.03929264169485586,0.021424193458471463,0.014085160398471075,0.010697165814931575,0.009227141427249175,0.008810003808161049,0.009224424203981674,0.010735506685259133,0.01410928651262272,0.0213271152735727,0.03883222206385209,0.0973346884923573,0.09713719441288421,0.09812696401895307,0.03940815474756518,0.021265625145929307,0.013956255348777258,0.010699159347769521,0.009205272237825274,0.008740417096827643,0.009194908609570632,0.010773952001398537,0.014119991819180194,0.021311008748870597,0.03931028110603822,0.0982132444735728,0.09844997769911162,0.03900946899390931,0.021178764730849037,0.014057341815917515,0.010732828357738547,0.009184997290038827,0.008751904644111921,0.009251669089738498,0.010785987932630088,0.014107401536967552,0.02133628229137834,0.03911392619695206,0.09713719441288438
62,-0.05000000000000002,0.04999999999999999,0.05,0.09687229598841521,0.0390583641202395,0.021353068939598124,0.014050566941895382,0.010672581928488592,0.00915494343755728,0.0087558222975586,0.00920968820293163,0.010735332094093053,0.0140234604451197,0.021253034709616092,0.039292641694855565,0.09812696401895292,0.0978813662078627,0.039214236074929645,0.021206116674916384,0.0139406500604451,0.010618303629874808,0.009143451561067828,0.008712456253674537,0.009177293611906428,0.010653736665403882,0.013994218837378936,0.021424193458471522,0.039408154747565115,0.09844997769911161,0.09687229598841514,0.09748567103356695,0.03897990417871455,0.021251984844806705,0.014008024895375011,0.010703316921380508,0.009189328582292884,0.00876676194249538,0.009152877024119488,0.010663635670162517,0.014085160398471122,0.021265625145929362,0.03900946899390928,0.03905836412023944,0.09788136620786284,0.097682399454962,0.03938486920070561,0.021355844989495054,0.01406504021847061,0.010723591235518769,0.009224449846047008,0.008705365877365681,0.009128686505961062,0.010697165814931603,0.013956255348777254,0.021178764730849113,0.021353068939598097,0.03921423607492964,0.0974856710335669,0.09830124690342923,0.03921831801350474,0.02129464450253985,0.014077292160329952,0.010794587680207409,0.009196640733870854,0.00873904448434925,0.009227141427249097,0.010699159347769431,0.014057341815917446,0.014050566941895375,0.02120611667491642,0.03897990417871462,0.097682399454962,0.09704027339863223,0.039010815977772895,0.021322558647965496,0.014171604840530769,0.010749008171039685,0.009219726681472532,0.008810003808161153,0.00920527223782535,0.010732828357738575,0.01067258192848864,0.013940650060445182,0.02125198484480678,0.03938486920070566,0.09830124690342937,0.0976524713326809,0.03919603325592313,0.02140346885408122,0.01403340921778539,0.010706369270821556,0.009224424203982028,0.008740417096827782,0.00918499729003891,0.00915494343755724,0.0106183036298748,0.014008024895374997,0.021355844989495026,0.03921831801350474,0.09704027339863219,0.09796843865723386,0.039249879256681455,0.02123425571619461,0.01402140057068936,0.010735506685259046,0.00919490860957059,0.008751904644111907,0.008755822297558585,0.009143451561067835,0.010703316921380532,0.01406504021847059,0.021294644502539872,0.03901081597777292,0.09765247133268118,0.0972036809920571,0.03910615001702759,0.021336281270803614,0.014109286512622731,0.010773952001398517,0.009251669089738512,0.009209688202931582,0.008712456253674547,0.009189328582292919,0.010723591235518734,0.014077292160329949,0.02132255864796552,0.039196033255923274,0.09796843865723395,0.09821357886312476,0.03932740079375636,0.021327115273572624,0.014119991819180194,0.010785987932630081,0.010735332094093011,0.009177293611906445,0.008766761942495371,0.009224449846047006,0.01079458768020733,0.014171604840530844,0.02140346885408151,0.039249879256681414,0.09720368099205709,0.09731093031706248,0.038832222063852055,0.021311008748870527,0.014107401536967545,0.014023460445119651,0.010653736665404034,0.009152877024119432,0.008705365877365812,0.009196640733870776,0.010749008171039798,0.014033409217785897,0.021234255716194583,0.03910615001702766,0.09821357886312443,0.0973346884923573,0.039310281106038125,0.02133628229137824,0.021253034709616064,0.013994218837378919,0.010663635670162541,0.009128686505961048,0.008739044484349229,0.009219726681472501,0.010706369270821442,0.014021400570689402,0.021336281270803586,0.03932740079375638,0.0973109303170625,0.0982132444735728,0.03911392619695217,0.03929264169485586,0.021424193458471463,0.014085160398471075,0.010697165814931575,0.009227141427249175,0.008810003808161049,0.009224424203981674,0.010735506685259133,0.01410928651262272,0.0213271152735727,0.03883222206385209,0.0973346884923573,0.09713719441288421,0.09812696401895307,0.03940815474756518,0.021265625145929307,0.013956255348777258,0.010699159347769521,0.009205272237825274,0.008740417096827643,0.009194908609570632,0.010773952001398537,0.014119991819180194,0.021311008748870597,0.03931028110603822,0.0982132444735728,0.09844997769911162,0.03900946899390931,0.021178764730849037,0.014057341815917515,0.010732828357738547,0.009184997290038827,0.008751904644111921,0.009251669089738498,0.010785987932630088,0.014107401536967552,0.02133628229137834,0.03911392619695206,0.09713719441288438
63,-0.05000000000000002,0.04999999999999999,0.1,0.09687229598841521,0.0390583641202395,0.021353068939598124,0.014050566941895382,0.010672581928488592,0.00915494343755728,0.0087558222975586,0.00920968820293163,0.010735332094093053,0.0140234604451197,0.021253034709616092,0.039292641694855565,0.09812696401895292,0.0978813662078627,0.039214236074929645,0.021206116674916384,0.0139406500604451,0.010618303629874808,0.009143451561067828,0.008712456253674537,0.009177293611906428,0.010653736665403882,0.013994218837378936,0.021424193458471522,0.039408154747565115,0.09844997769911161,0.09687229598841514,0.09748567103356695,0.03897990417871455,0.021251984844806705,0.014008024895375011,0.010703316921380508,0.009189328582292884,0.00876676194249538,0.009152877024119488,0.010663635670162517,0.014085160398471122,0.021265625145929362,0.03900946899390928,0.03905836412023944,0.09788136620786284,0.097682399454962,0.03938486920070561,0.021355844989495054,0.01406504021847061,0.010723591235518769,0.009224449846047008,0.008705365877365681,0.009128686505961062,0.010697165814931603,0.013956255348777254,0.021178764730849113,0.021353068939598097,0.03921423607492964,0.0974856710335669,0.09830124690342923,0.03921831801350474,0.02129464450253985,0.014077292160329952,0.010794587680207409,0.009196640733870854,0.00873904448434925,0.009227141427249097,0.010699159347769431,0.014057341815917446,0.014050566941895375,0.02120611667491642,0.03897990417871462,0.097682399454962,0.09704027339863223,0.039010815977772895,0.021322558647965496,0.014171604840530769,0.010749008171039685,0.009219726681472532,0.008810003808161153,0.00920527223782535,0.010732828357738575,0.01067258192848864,0.013940650060445182,0.02125198484480678,0.03938486920070566,0.09830124690342937,0.0976524713326809,0.03919603325592313,0.02140346885408122,0.01403340921778539,0.010706369270821556,0.009224424203982028,0.008740417096827782,0.00918499729003891,0.00915494343755724,0.0106183036298748,0.014008024895374997,0.021355844989495026,0.03921831801350474,0.09704027339863219,0.09796843865723386,0.039249879256681455,0.02123425571619461,0.01402140057068936,0.010735506685259046,0.00919490860957059,0.008751904644111907,0.008755822297558585,0.009143451561067835,0.010703316921380532,0.01406504021847059,0.021294644502539872,0.03901081597777292,0.09765247133268118,0.0972036809920571,0.03910615001702759,0.021336281270803614,0.014109286512622731,0.010773952001398517,0.009251669089738512,0.009209688202931582,0.008712456253674547,0.009189328582292919,0.010723591235518734,0.014077292160329949,0.02132255864796552,0.039196033255923274,0.09796843865723395,0.09821357886312476,0.03932740079375636,0.021327115273572624,0.014119991819180194,0.010785987932630081,0.010735332094093011,0.009177293611906445,0.008766761942495371,0.009224449846047006,0.01079458768020733,0.014171604840530844,0.02140346885408151,0.039249879256681414,0.09720368099205709,0.09731093031706248,0.038832222063852055,0.021311008748870527,0.014107401536967545,0.014023460445119651,0.010653736665404034,0.009152877024119432,0.008705365877365812,0.009196640733870776,0.010749008171039798,0.014033409217785897,0.021234255716194583,0.03910615001702766,0.09821357886312443,0.0973346884923573,0.039310281106038125,0.02133628229137824,0.021253034709616064,0.013994218837378919,0.010663635670162541,0.009128686505961048,0.008739044484349229,0.009219726681472501,0.010706369270821442,0.014021400570689402,0.021336281270803586,0.03932740079375638,0.0973109303170625,0.0982132444735728,0.03911392619695217,0.03929264169485586,0.021424193458471463,0.014085160398471075,0.010697165814931575,0.009227141427249175,0.008810003808161049,0.009224424203981674,0.010735506685259133,0.01410928651262272,0.0213271152735727,0.03883222206385209,0.0973346884923573,0.09713719441288421,0.09812696401895307,0.03940815474756518,0.021265625145929307,0.013956255348777258,0.010699159347769521,0.009205272237825274,0.008740417096827643,0.009194908609570632,0.010773952001398537,0.014119991819180194,0.021311008748870597,0.03931028110603822,0.0982132444735728,0.09844997769911162,0.03900946899390931,0.021178764730849037,0.014057341815917515,0.010732828357738547,0.009184997290038827,0.008751904644111921,0.009251669089738498,0.010785987932630088,0.014107401536967552,0.02133628229137834,0.03911392619695206,0.09713719441288438
64,-0.05000000000000002,0.04999999999999999,0.05,0.09687229598841521,0.0390583641202395,0.021353068939598124,0.014050566941895382,0.010672581928488592,0.00915494343755728,0.0087558222975586,0.00920968820293163,0.010735332094093053,0.0140234604451197,0.021253034709616092,0.039292641694855565,0.09812696401895292,0.0978813662078627,0.039214236074929645,0.021206116674916384,0.0139406500604451,0.010618303629874808,0.009143451561067828,0.008712456253674537,0.009177293611906428,0.010653736665403882,0.013994218837378936,0.021424193458471522,0.039408154747565115,0.09844997769911161,0.09687229598841514,0.09748567103356695,0.03897990417871455,0.021251984844806705,0.014008024895375011,0.010703316921380508,0.009189328582292884,0.00876676194249538,0.009152877024119488,0.010663635670162517,0.014085160398471122,0.021265625145929362,0.03900946899390928,0.03905836412023944,0.09788136620786284,0.097682399454962,0.03938486920070561,0.021355844989495054,0.01406504021847061,0.010723591235518769,0.009224449846047008,0.008705365877365681,0.009128686505961062,0.010697165814931603,0.013956255348777254,0.021178764730849113,0.021353068939598097,0.03921423607492964,0.0974856710335669,0.09830124690342923,0.03921831801350474,0.02129464450253985,0.014077292160329952,0.010794587680207409,0.009196640733870854,0.00873904448434925,0.009227141427249097,0.010699159347769431,0.014057341815917446,0.014050566941895375,0.02120611667491642,0.03897990417871462,0.097682399454962,0.09704027339863223,0.039010815977772895,0.021322558647965496,0.014171604840530769,0.010749008171039685,0.009219726681472532,0.008810003808161153,0.00920527223782535,0.010732828357738575,0.01067258192848864,0.013940650060445182,0.02125198484480678,0.03938486920070566,0.09830124690342937,0.0976524713326809,0.03919603325592313,0.02140346885408122,0.01403340921778539,0.010706369270821556,0.009224424203982028,0.008740417096827782,0.00918499729003891,0.00915494343755724,0.0106183036298748,0.014008024895374997,0.021355844989495026,0.03921831801350474,0.09704027339863219,0.09796843865723386,0.039249879256681455,0.02123425571619461,0.01402140057068936,0.010735506685259046,0.00919490860957059,0.008751904644111907,0.008755822297558585,0.009143451561067835,0.010703316921380532,0.01406504021847059,0.021294644502539872,0.03901081597777292,0.09765247133268118,0.0972036809920571,0.03910615001702759,0.021336281270803614,0.014109286512622731,0.010773952001398517,0.009251669089738512,0.009209688202931582,0.008712456253674547,0.009189328582292919,0.010723591235518734,0.014077292160329949,0.02132255864796552,0.039196033255923274,0.09796843865723395,0.09821357886312476,0.03932740079375636,0.021327115273572624,0.014119991819180194,0.010785987932630081,0.010735332094093011,0.009177293611906445,0.008766761942495371,0.009224449846047006,0.01079458768020733,0.014171604840530844,0.02140346885408151,0.039249879256681414,0.09720368099205709,0.09731093031706248,0.038832222063852055,0.021311008748870527,0.014107401536967545,0.014023460445119651,0.010653736665404034,0.009152877024119432,0.008705365877365812,0.009196640733870776,0.010749008171039798,0.014033409217785897,0.021234255716194583,0.03910615001702766,0.09821357886312443,0.0973346884923573,0.039310281106038125,0.02133628229137824,0.021253034709616064,0.013994218837378919,0.010663635670162541,0.009128686505961048,0.008739044484349229,0.009219726681472501,0.010706369270821442,0.014021400570689402,0.021336281270803586,0.03932740079375638,0.0973109303170625,0.0982132444735728,0.03911392619695217,0.03929264169485586,0.021424193458471463,0.014085160398471075,0.010697165814931575,0.009227141427249175,0.008810003808161049,0.009224424203981674,0.010735506685259133,0.01410928651262272,0.0213271152735727,0.03883222206385209,0.0973346884923573,0.09713719441288421,0.09812696401895307,0.03940815474756518,0.021265625145929307,0.013956255348777258,0.010699159347769521,0.009205272237825274,0.008740417096827643,0.009194908609570632,0.010773952001398537,0.014119991819180194,0.021311008748870597,0.03931028110603822,0.0982132444735728,0.09844997769911162,0.03900946899390931,0.021178764730849037,0.014057341815917515,0.010732828357738547,0.009184997290038827,0.008751904644111921,0.009251669089738498,0.010785987932630088,0.014107401536967552,0.02133628229137834,0.03911392619695206,0.09713719441288438
